set_id;ver_id;reference_yt_id;candidate_yt_id;sample_group;worker_ind0;worker_ind1;worker_ind2;worker_ind3;worker_ind4
21;111;STuFITcXas0;AmTcG2W6N7Q;re-move_favs;2.0;2.0;2.0;;
21;111;STuFITcXas0;FUPbOa6wvAU;re-move_favs;1.0;1.0;1.0;;
21;111;STuFITcXas0;Lxk-9VFycjc;mutual_unconfident;1.0;1.0;1.0;;
21;111;STuFITcXas0;ODsC3nuGluE;ditto_favs;2.0;2.0;2.0;;
21;111;STuFITcXas0;Qkn2PFxFe1Y;ditto_favs;1.0;1.0;1.0;;
21;111;STuFITcXas0;bUTklFbeZWE;mutual_unconfident;1.0;1.0;1.0;;
21;111;STuFITcXas0;dHoo6LAK_HA;re-move_favs;1.0;1.0;1.0;;
21;111;STuFITcXas0;uwevOLbBrd8;ditto_favs;1.0;1.0;1.0;;
21;111;STuFITcXas0;zCWJQEnzp8Y;mutual_unconfident;1.0;1.0;1.0;;
58;100;mEl_eQQ_q0c;0u0M4CMq7uI;mutual_unconfident;1.0;1.0;1.0;1.0;2.0
58;100;mEl_eQQ_q0c;7ZA3HIGsPM0;ditto_favs;2.0;2.0;1.0;1.0;2.0
58;100;mEl_eQQ_q0c;B_rt1JsAdQs;re-move_favs;2.0;2.0;1.0;1.0;1.0
58;100;mEl_eQQ_q0c;GgiCroHhyZQ;ditto_favs;0.0;0.0;0.0;0.0;0.0
58;100;mEl_eQQ_q0c;Q7sd7EhnB44;re-move_favs;2.0;2.0;2.0;1.0;1.0
58;100;mEl_eQQ_q0c;XXkTKkspQBI;re-move_favs;1.0;1.0;1.0;1.0;1.0
58;100;mEl_eQQ_q0c;dWad144G8pQ;mutual_unconfident;1.0;1.0;2.0;1.0;0.0
58;100;mEl_eQQ_q0c;kMU2S4G7qkY;mutual_unconfident;1.0;1.0;2.0;1.0;1.0
58;100;mEl_eQQ_q0c;wvm0nOtExb0;ditto_favs;1.0;1.0;1.0;1.0;1.0
63;28;uhWb-Avb9Yc;7BvN_0PAqlQ;mutual_unconfident;1.0;1.0;1.0;;
63;28;uhWb-Avb9Yc;BSByOeew1rU;ditto_favs;1.0;1.0;1.0;;
63;28;uhWb-Avb9Yc;BaJwCYzFRWU;mutual_unconfident;2.0;3.0;0.0;;
63;28;uhWb-Avb9Yc;DvTVMf9fLJg;ditto_favs;1.0;1.0;1.0;;
63;28;uhWb-Avb9Yc;FhIBYl-WMQc;re-move_favs;1.0;1.0;1.0;;
63;28;uhWb-Avb9Yc;SxwP9FHtFiE;mutual_unconfident;1.0;1.0;1.0;;
63;28;uhWb-Avb9Yc;eKPUD81KuBY;re-move_favs;2.0;1.0;1.0;;
63;28;uhWb-Avb9Yc;tgBgbuq6dp8;ditto_favs;2.0;2.0;2.0;;
63;28;uhWb-Avb9Yc;zowz-EU9bI0;re-move_favs;1.0;0.0;1.0;;
81;0;P6tNV3DyaFU;0eP_aEyXTfA;ditto_favs;2.0;2.0;3.0;2.0;2.0
81;0;P6tNV3DyaFU;5rJbYDh1lVw;ditto_favs;2.0;2.0;3.0;2.0;2.0
81;0;P6tNV3DyaFU;AdSyTDp0Ssg;re-move_favs;1.0;1.0;1.0;1.0;1.0
81;0;P6tNV3DyaFU;gssRNw-Zt-4;mutual_unconfident;1.0;1.0;1.0;1.0;1.0
81;0;P6tNV3DyaFU;nkPNvuxeiSE;mutual_unconfident;1.0;3.0;1.0;1.0;1.0
81;0;P6tNV3DyaFU;raNc3s-coD4;re-move_favs;0.0;0.0;0.0;0.0;1.0
81;0;P6tNV3DyaFU;tZP1WNqbjmA;mutual_unconfident;1.0;1.0;1.0;1.0;1.0
81;0;P6tNV3DyaFU;w73hEZKnDeA;re-move_favs;1.0;1.0;1.0;1.0;1.0
81;0;P6tNV3DyaFU;xT-hG6-Hk-Y;ditto_favs;2.0;2.0;3.0;2.0;2.0
96;33;1s_5oZqqVQk;86jeSodhfXw;ditto_favs;1.0;1.0;1.0;1.0;1.0
96;33;1s_5oZqqVQk;JmSXU6Yy45I;ditto_favs;2.0;0.0;1.0;2.0;2.0
96;33;1s_5oZqqVQk;QbIphnGyAbE;re-move_favs;1.0;1.0;2.0;1.0;1.0
96;33;1s_5oZqqVQk;TsLhh0MVc0M;mutual_unconfident;2.0;1.0;1.0;2.0;2.0
96;33;1s_5oZqqVQk;XxfBytzK6e4;mutual_unconfident;1.0;1.0;1.0;1.0;1.0
96;33;1s_5oZqqVQk;_MTXEMceIEw;ditto_favs;0.0;0.0;2.0;0.0;0.0
96;33;1s_5oZqqVQk;dWRCooFKk3c;mutual_unconfident;1.0;2.0;1.0;1.0;1.0
96;33;1s_5oZqqVQk;girdko2YOjQ;re-move_favs;2.0;1.0;1.0;2.0;2.0
96;33;1s_5oZqqVQk;jWHr3cA7ApM;re-move_favs;1.0;1.0;1.0;2.0;2.0
157;18;Wo4GJ6YdDeY;-8HPq5zFM3M;ditto_favs;1.0;1.0;2.0;;
157;18;Wo4GJ6YdDeY;26nq96at878;mutual_unconfident;1.0;2.0;2.0;;
157;18;Wo4GJ6YdDeY;2AuDhWiO2D4;re-move_favs;1.0;0.0;1.0;;
157;18;Wo4GJ6YdDeY;7yg05svXp98;re-move_favs;1.0;1.0;1.0;;
157;18;Wo4GJ6YdDeY;M04ynFYg19g;mutual_unconfident;1.0;1.0;1.0;;
157;18;Wo4GJ6YdDeY;aKmd60VSJgE;mutual_unconfident;1.0;1.0;1.0;;
157;18;Wo4GJ6YdDeY;feVjdWuENiQ;re-move_favs;2.0;2.0;0.0;;
157;18;Wo4GJ6YdDeY;o_ziuUbugug;ditto_favs;1.0;1.0;1.0;;
157;18;Wo4GJ6YdDeY;psXowLH825w;ditto_favs;1.0;2.0;1.0;;
214;41;55XIdavZxCQ;34cC_QC6z40;re-move_favs;2.0;1.0;2.0;1.0;1.0
214;41;55XIdavZxCQ;7jxAjoXxws4;mutual_unconfident;1.0;2.0;3.0;1.0;2.0
214;41;55XIdavZxCQ;A9hcJgtnm6Q;mutual_unconfident;1.0;1.0;2.0;1.0;1.0
214;41;55XIdavZxCQ;Y6mMTTncd1A;ditto_favs;2.0;1.0;1.0;1.0;1.0
214;41;55XIdavZxCQ;glnUUt9y0iw;mutual_unconfident;2.0;1.0;3.0;1.0;1.0
214;41;55XIdavZxCQ;pXdMW1BLPIM;ditto_favs;0.0;0.0;0.0;0.0;0.0
214;41;55XIdavZxCQ;s_M6qAQYfrw;re-move_favs;2.0;1.0;1.0;1.0;1.0
214;41;55XIdavZxCQ;wdBHH6ol3Fs;re-move_favs;1.0;1.0;1.0;1.0;1.0
214;41;55XIdavZxCQ;zpYOyW1apao;ditto_favs;0.0;0.0;0.0;0.0;0.0
348;33;k6_8c0CyK3c;F1LZuQ9E4JQ;re-move_favs;2.0;1.0;1.0;;
348;33;k6_8c0CyK3c;L-Ds-FXGGQg;mutual_unconfident;1.0;1.0;1.0;;
348;33;k6_8c0CyK3c;YiadNVhaGwk;re-move_favs;1.0;1.0;1.0;;
348;33;k6_8c0CyK3c;ZD8YPY8RBQc;mutual_unconfident;1.0;1.0;1.0;;
348;33;k6_8c0CyK3c;bqemqb05rJY;ditto_favs;2.0;2.0;2.0;;
348;33;k6_8c0CyK3c;dnKWnwGfUuU;ditto_favs;2.0;2.0;2.0;;
348;33;k6_8c0CyK3c;kKlzUKLOm_U;re-move_favs;1.0;1.0;2.0;;
348;33;k6_8c0CyK3c;pJ4UWWPjV48;mutual_unconfident;1.0;1.0;1.0;;
348;33;k6_8c0CyK3c;ss_rk-RITts;ditto_favs;2.0;2.0;2.0;;
350;16;7WHdnX2cDCQ;NjNn4bbbgSw;mutual_unconfident;1.0;1.0;1.0;;
350;16;7WHdnX2cDCQ;ObjIuRNrFKA;ditto_favs;0.0;0.0;0.0;;
350;16;7WHdnX2cDCQ;R4KqBcqyGnU;ditto_favs;2.0;1.0;2.0;;
350;16;7WHdnX2cDCQ;Z1R47zAcLcs;ditto_favs;1.0;2.0;1.0;;
350;16;7WHdnX2cDCQ;aii62acsp_E;re-move_favs;2.0;1.0;3.0;;
350;16;7WHdnX2cDCQ;d4QnalIHlVc;mutual_unconfident;1.0;2.0;2.0;;
350;16;7WHdnX2cDCQ;ksbjQzF8oZY;re-move_favs;1.0;1.0;2.0;;
350;16;7WHdnX2cDCQ;uDDB1MGnaMg;re-move_favs;2.0;1.0;1.0;;
350;16;7WHdnX2cDCQ;w38PyfMrzdk;mutual_unconfident;2.0;3.0;2.0;;
369;17;6U_2UAgIOsY;VOtqWNQrSPo;ditto_favs;1.0;2.0;2.0;2.0;2.0
369;17;6U_2UAgIOsY;doXn7j-LOV8;mutual_unconfident;0.0;2.0;2.0;2.0;2.0
369;17;6U_2UAgIOsY;hM7Ntv8p-DM;mutual_unconfident;0.0;1.0;2.0;2.0;2.0
369;17;6U_2UAgIOsY;kiYqPSDA9BQ;mutual_unconfident;1.0;1.0;2.0;2.0;2.0
369;17;6U_2UAgIOsY;mjhjpzzMElw;re-move_favs;0.0;2.0;1.0;2.0;1.0
369;17;6U_2UAgIOsY;tUqaieKiELc;ditto_favs;1.0;1.0;1.0;1.0;2.0
369;17;6U_2UAgIOsY;u-WPUaje3As;ditto_favs;0.0;1.0;2.0;2.0;2.0
369;17;6U_2UAgIOsY;uakmKGAwZKA;mutual_unconfident;1.0;1.0;2.0;2.0;2.0
369;17;6U_2UAgIOsY;zldHBEqI9gY;re-move_favs;1.0;2.0;2.0;2.0;2.0
484;42;NZacSRcdN88;O4p_XCpSa_s;ditto_favs;1.0;1.0;1.0;1.0;1.0
484;42;NZacSRcdN88;OuCI3cblDJc;mutual_unconfident;1.0;1.0;1.0;1.0;1.0
484;42;NZacSRcdN88;QP6LNUKz-oQ;re-move_favs;2.0;1.0;1.0;2.0;1.0
484;42;NZacSRcdN88;Spp3t9jqp_E;ditto_favs;0.0;0.0;0.0;0.0;0.0
484;42;NZacSRcdN88;TIpi-2SGPuE;re-move_favs;1.0;1.0;1.0;1.0;1.0
484;42;NZacSRcdN88;TL5FejSGI1g;mutual_unconfident;1.0;1.0;1.0;1.0;1.0
484;42;NZacSRcdN88;gx0AY2pS0KI;ditto_favs;2.0;3.0;2.0;2.0;2.0
484;42;NZacSRcdN88;jqrj2ZJ5gQQ;mutual_unconfident;1.0;1.0;1.0;1.0;1.0
484;42;NZacSRcdN88;t4eS4ixGMwo;re-move_favs;1.0;1.0;1.0;1.0;1.0
487;10;aiKFdR48pRA;DZncy1jxdw0;re-move_favs;1.0;1.0;;;
487;10;aiKFdR48pRA;F74yaJ1uA_U;ditto_favs;2.0;1.0;;;
487;10;aiKFdR48pRA;FJtU8Swobgo;mutual_unconfident;3.0;1.0;;;
487;10;aiKFdR48pRA;KLmSD1jdReg;re-move_favs;3.0;3.0;;;
487;10;aiKFdR48pRA;YMe24aRwiwg;ditto_favs;0.0;0.0;;;
487;10;aiKFdR48pRA;d3kiwIgtmL4;mutual_unconfident;2.0;1.0;;;
487;10;aiKFdR48pRA;dkQ0OJ5Byls;mutual_unconfident;1.0;1.0;;;
487;10;aiKFdR48pRA;e5IqZXsBpa8;ditto_favs;2.0;2.0;;;
487;10;aiKFdR48pRA;jMgE61PjKKw;re-move_favs;2.0;1.0;;;
526;14;97PAY9wl63E;EWR63pAt6vo;mutual_unconfident;1.0;1.0;1.0;1.0;1.0
526;14;97PAY9wl63E;PG6iJmbnOTY;ditto_favs;0.0;0.0;0.0;0.0;2.0
526;14;97PAY9wl63E;QEFWUIjyE9Y;re-move_favs;1.0;1.0;1.0;1.0;1.0
526;14;97PAY9wl63E;QpljgJPFWl8;mutual_unconfident;1.0;1.0;1.0;1.0;1.0
526;14;97PAY9wl63E;VX9syCv8-Is;re-move_favs;2.0;2.0;2.0;1.0;1.0
526;14;97PAY9wl63E;hyvYH55ImaA;re-move_favs;1.0;1.0;0.0;1.0;0.0
526;14;97PAY9wl63E;jco3NWSsBP0;ditto_favs;0.0;0.0;0.0;0.0;0.0
526;14;97PAY9wl63E;ug48TpsX8Gk;ditto_favs;1.0;1.0;1.0;1.0;1.0
526;14;97PAY9wl63E;wmCBkySmRzU;mutual_unconfident;1.0;1.0;1.0;1.0;1.0
569;11;dLnHL11VDKA;8ylNwg_dx2g;ditto_favs;1.0;2.0;1.0;1.0;1.0
569;11;dLnHL11VDKA;9p5JCxehc8U;re-move_favs;2.0;2.0;1.0;1.0;1.0
569;11;dLnHL11VDKA;KPSuD27JCyY;mutual_unconfident;1.0;1.0;1.0;1.0;1.0
569;11;dLnHL11VDKA;Q18VNSNJSSY;mutual_unconfident;3.0;1.0;1.0;2.0;1.0
569;11;dLnHL11VDKA;R3OZF6WubFI;ditto_favs;1.0;1.0;1.0;1.0;1.0
569;11;dLnHL11VDKA;efhQKgaZUW8;re-move_favs;3.0;1.0;1.0;1.0;1.0
569;11;dLnHL11VDKA;lKmlixuUWmQ;mutual_unconfident;0.0;1.0;1.0;1.0;1.0
569;11;dLnHL11VDKA;lyLE2Oeaap4;ditto_favs;2.0;1.0;1.0;1.0;1.0
569;11;dLnHL11VDKA;u8wXhZtVXrc;re-move_favs;2.0;3.0;1.0;1.0;1.0
624;44;FaUpLStwCl8;35K6vQRt67g;mutual_unconfident;0.0;0.0;0.0;0.0;2.0
624;44;FaUpLStwCl8;Fd9446M-ASc;ditto_favs;1.0;1.0;1.0;1.0;2.0
624;44;FaUpLStwCl8;GZXHBgjQjNM;re-move_favs;1.0;1.0;1.0;1.0;2.0
624;44;FaUpLStwCl8;PluC1cKFe18;ditto_favs;0.0;0.0;0.0;0.0;1.0
624;44;FaUpLStwCl8;X9E1by7PocE;re-move_favs;1.0;2.0;1.0;1.0;2.0
624;44;FaUpLStwCl8;ddZ-0K1OmQo;mutual_unconfident;1.0;1.0;1.0;1.0;3.0
624;44;FaUpLStwCl8;dpLaoYw8xug;re-move_favs;1.0;1.0;1.0;0.0;2.0
624;44;FaUpLStwCl8;fJWmbLS2_ec;mutual_unconfident;1.0;2.0;1.0;1.0;2.0
624;44;FaUpLStwCl8;qsQqCg5VH3Q;ditto_favs;0.0;0.0;1.0;0.0;1.0
629;18;EBxk1Oq_ysE;7Ifw8JhDBvs;mutual_unconfident;1.0;1.0;1.0;1.0;
629;18;EBxk1Oq_ysE;7aWQAHYHu7o;ditto_favs;2.0;2.0;2.0;2.0;
629;18;EBxk1Oq_ysE;COiIC3A0ROM;re-move_favs;1.0;2.0;1.0;1.0;
629;18;EBxk1Oq_ysE;H7_sqdkaAfo;re-move_favs;1.0;1.0;1.0;1.0;
629;18;EBxk1Oq_ysE;MB1FPOuSVeM;mutual_unconfident;1.0;1.0;1.0;1.0;
629;18;EBxk1Oq_ysE;Ot-q4Y6Vabw;mutual_unconfident;1.0;1.0;1.0;1.0;
629;18;EBxk1Oq_ysE;Pu8JO56fwt8;re-move_favs;2.0;2.0;2.0;2.0;
629;18;EBxk1Oq_ysE;n20IWj9UnZ4;ditto_favs;0.0;0.0;0.0;0.0;
629;18;EBxk1Oq_ysE;ycUVxLc04b4;ditto_favs;1.0;1.0;1.0;1.0;
667;0;TLV4_xaYynY;7UOlGOIxFPo;ditto_favs;1.0;0.0;2.0;3.0;2.0
667;0;TLV4_xaYynY;D6CKh7-EQAM;re-move_favs;1.0;1.0;0.0;1.0;1.0
667;0;TLV4_xaYynY;FHNlkS4T0LY;re-move_favs;2.0;2.0;2.0;2.0;1.0
667;0;TLV4_xaYynY;LN2dA5SFVHs;ditto_favs;0.0;0.0;1.0;0.0;0.0
667;0;TLV4_xaYynY;agdv3D2U1gU;ditto_favs;0.0;0.0;1.0;0.0;0.0
667;0;TLV4_xaYynY;dg9-mAXlglc;mutual_unconfident;0.0;0.0;0.0;2.0;2.0
667;0;TLV4_xaYynY;o0RlZ0DBJaQ;re-move_favs;1.0;1.0;1.0;1.0;1.0
667;0;TLV4_xaYynY;vpho0pIENH4;mutual_unconfident;1.0;1.0;2.0;1.0;1.0
667;0;TLV4_xaYynY;w3JxQg077EQ;mutual_unconfident;1.0;1.0;3.0;1.0;1.0
694;33;x_QkY8g_fHU;-EKoI4syu9A;ditto_favs;1.0;;;;
694;33;x_QkY8g_fHU;9kA9gY-svvk;mutual_unconfident;2.0;;;;
694;33;x_QkY8g_fHU;HlfcfTisjks;re-move_favs;1.0;;;;
694;33;x_QkY8g_fHU;I0DkyiiY9FM;ditto_favs;1.0;;;;
694;33;x_QkY8g_fHU;YlD4fR09mco;re-move_favs;2.0;;;;
694;33;x_QkY8g_fHU;_XoW4jKjIGs;mutual_unconfident;1.0;;;;
694;33;x_QkY8g_fHU;ifhS7HlvY7k;ditto_favs;2.0;;;;
694;33;x_QkY8g_fHU;v8xuGsSejn0;re-move_favs;2.0;;;;
694;33;x_QkY8g_fHU;yJle8j6OR4Y;mutual_unconfident;1.0;;;;
724;36;9nPZE2DCZpY;K2TaB527JB4;mutual_unconfident;3.0;0.0;1.0;1.0;0.0
724;36;9nPZE2DCZpY;PQelnBwxYMw;re-move_favs;2.0;2.0;2.0;2.0;2.0
724;36;9nPZE2DCZpY;Y_V6y1ZCg_8;mutual_unconfident;1.0;1.0;1.0;1.0;1.0
724;36;9nPZE2DCZpY;cjIvu7e6Wq8;ditto_favs;1.0;1.0;1.0;2.0;1.0
724;36;9nPZE2DCZpY;egsPhiIW7nI;re-move_favs;3.0;2.0;2.0;2.0;1.0
724;36;9nPZE2DCZpY;iMRnM8bowKw;ditto_favs;1.0;1.0;1.0;1.0;2.0
724;36;9nPZE2DCZpY;iMewtlmkV6c;mutual_unconfident;1.0;1.0;1.0;1.0;3.0
724;36;9nPZE2DCZpY;oKggZasWAck;ditto_favs;0.0;0.0;0.0;0.0;1.0
724;36;9nPZE2DCZpY;ryXzqqFm9Ts;re-move_favs;0.0;1.0;1.0;1.0;1.0
765;30;YaTQ7HMo1y4;2u5JwQx1-x0;re-move_favs;1.0;2.0;;;
765;30;YaTQ7HMo1y4;6DMA-cXQAl8;re-move_favs;2.0;2.0;;;
765;30;YaTQ7HMo1y4;Ia1clRcLK34;ditto_favs;0.0;0.0;;;
765;30;YaTQ7HMo1y4;JeORr66ClGU;mutual_unconfident;1.0;1.0;;;
765;30;YaTQ7HMo1y4;REm7_CfPyNw;mutual_unconfident;1.0;2.0;;;
765;30;YaTQ7HMo1y4;jK3STZQMfZQ;re-move_favs;1.0;1.0;;;
765;30;YaTQ7HMo1y4;svQD6mGDPXc;ditto_favs;2.0;0.0;;;
765;30;YaTQ7HMo1y4;uSNXUqOmgLA;ditto_favs;0.0;0.0;;;
765;30;YaTQ7HMo1y4;zkxt8YKIaVU;mutual_unconfident;1.0;0.0;;;
794;20;T3_cgE8HzKo;AmRbQaSw6Po;mutual_unconfident;1.0;1.0;1.0;1.0;2.0
794;20;T3_cgE8HzKo;Oim_iaJTqD8;ditto_favs;2.0;1.0;2.0;1.0;1.0
794;20;T3_cgE8HzKo;ZRXGsPBUV5g;mutual_unconfident;1.0;1.0;1.0;1.0;1.0
794;20;T3_cgE8HzKo;jpeB8p4b8Sg;mutual_unconfident;1.0;1.0;1.0;1.0;1.0
794;20;T3_cgE8HzKo;pXP1MSFwMnc;mutual_unconfident;1.0;1.0;1.0;1.0;2.0
794;20;T3_cgE8HzKo;tqXa9SYso94;ditto_favs;1.0;1.0;1.0;1.0;2.0
794;20;T3_cgE8HzKo;u7YcExpJz_c;ditto_favs;0.0;0.0;0.0;0.0;0.0
794;20;T3_cgE8HzKo;u9ZkbKRFYTk;mutual_unconfident;1.0;1.0;1.0;1.0;1.0
794;20;T3_cgE8HzKo;uhz4bQXxEw4;mutual_unconfident;1.0;1.0;1.0;1.0;1.0
838;15;TtGrYYTRcAg;1fzpQzuA7UE;re-move_favs;1.0;2.0;1.0;1.0;1.0
838;15;TtGrYYTRcAg;2-WfFzTAJeM;ditto_favs;1.0;2.0;1.0;1.0;1.0
838;15;TtGrYYTRcAg;7Wo-1vSmaZA;mutual_unconfident;1.0;1.0;1.0;1.0;1.0
838;15;TtGrYYTRcAg;PTF5xgT-pm8;mutual_unconfident;1.0;2.0;1.0;1.0;1.0
838;15;TtGrYYTRcAg;cyrdPtEHKzE;mutual_unconfident;1.0;1.0;1.0;1.0;1.0
838;15;TtGrYYTRcAg;fApaOYQpZE8;ditto_favs;1.0;2.0;1.0;1.0;1.0
838;15;TtGrYYTRcAg;gLF-_Z8TK1k;re-move_favs;0.0;0.0;1.0;0.0;0.0
838;15;TtGrYYTRcAg;qfxrQFMvP8o;ditto_favs;1.0;2.0;1.0;1.0;1.0
838;15;TtGrYYTRcAg;z4PKzz81m5c;re-move_favs;1.0;2.0;1.0;1.0;1.0
897;9;gBjY8DagQXs;72fTwwijaZw;mutual_unconfident;2.0;1.0;3.0;2.0;2.0
897;9;gBjY8DagQXs;EPM3I8xKTP4;re-move_favs;2.0;1.0;2.0;2.0;2.0
897;9;gBjY8DagQXs;JEXuiOJ2lJo;re-move_favs;2.0;1.0;3.0;2.0;2.0
897;9;gBjY8DagQXs;LmF7TJwUiF4;mutual_unconfident;2.0;0.0;2.0;2.0;2.0
897;9;gBjY8DagQXs;PjkmmTZXRjU;ditto_favs;2.0;1.0;2.0;2.0;2.0
897;9;gBjY8DagQXs;bfbmBIWuoMo;re-move_favs;2.0;1.0;2.0;3.0;2.0
897;9;gBjY8DagQXs;i8nTNbVhHig;mutual_unconfident;2.0;1.0;3.0;3.0;2.0
897;9;gBjY8DagQXs;oYZl_olCUXg;ditto_favs;2.0;2.0;2.0;2.0;2.0
897;9;gBjY8DagQXs;sJLaaqUgzvM;ditto_favs;0.0;1.0;2.0;3.0;1.0
922;36;po2y0gKBceY;8MUwBrHK85g;ditto_favs;1.0;1.0;1.0;1.0;1.0
922;36;po2y0gKBceY;Ad9VMFt1FDE;mutual_unconfident;1.0;1.0;1.0;1.0;1.0
922;36;po2y0gKBceY;IVzwueFUbvs;mutual_unconfident;1.0;1.0;1.0;1.0;1.0
922;36;po2y0gKBceY;IkCPF2cDaIU;re-move_favs;1.0;1.0;1.0;0.0;1.0
922;36;po2y0gKBceY;Pe6dgDGed9Q;ditto_favs;2.0;2.0;1.0;2.0;2.0
922;36;po2y0gKBceY;bkzsoJf-UsA;re-move_favs;1.0;1.0;1.0;1.0;1.0
922;36;po2y0gKBceY;hfhwa-G2Nqo;ditto_favs;1.0;1.0;1.0;1.0;1.0
922;36;po2y0gKBceY;j7ohRNSC3gM;re-move_favs;2.0;1.0;1.0;0.0;2.0
922;36;po2y0gKBceY;o50V_tJIpR8;mutual_unconfident;1.0;1.0;1.0;1.0;1.0
993;16;YTs23jFAAes;78e8d4zDREU;ditto_favs;0.0;2.0;0.0;0.0;0.0
993;16;YTs23jFAAes;Cc-teiEgHp8;mutual_unconfident;1.0;1.0;1.0;1.0;1.0
993;16;YTs23jFAAes;Ib_eW9VSUwM;re-move_favs;1.0;1.0;2.0;1.0;1.0
993;16;YTs23jFAAes;Iu7VSPQDLvo;re-move_favs;1.0;1.0;2.0;2.0;1.0
993;16;YTs23jFAAes;KwJrjQCP1gw;ditto_favs;0.0;0.0;0.0;0.0;0.0
993;16;YTs23jFAAes;VWZ_H3uQjzQ;mutual_unconfident;2.0;1.0;1.0;2.0;1.0
993;16;YTs23jFAAes;peBHdh1O5q4;re-move_favs;2.0;1.0;2.0;1.0;1.0
993;16;YTs23jFAAes;rbJOZp4WUO8;mutual_unconfident;2.0;1.0;1.0;1.0;1.0
993;16;YTs23jFAAes;wVUovqOHLCU;ditto_favs;1.0;2.0;1.0;1.0;1.0
1004;0;hTWKbfoikeg;6wLZhNoYY_c;re-move_favs;0.0;2.0;1.0;0.0;2.0
1004;0;hTWKbfoikeg;JnOfGY-WhjQ;mutual_unconfident;2.0;3.0;1.0;3.0;2.0
1004;0;hTWKbfoikeg;KoQC3gGwqro;ditto_favs;3.0;2.0;3.0;1.0;1.0
1004;0;hTWKbfoikeg;PjOMTR3Be1A;re-move_favs;1.0;2.0;1.0;2.0;3.0
1004;0;hTWKbfoikeg;do0s8NDIOtQ;mutual_unconfident;1.0;1.0;1.0;1.0;2.0
1004;0;hTWKbfoikeg;fM5Zyr_Iw-Q;re-move_favs;3.0;3.0;2.0;1.0;2.0
1004;0;hTWKbfoikeg;lUHaXkcciEs;ditto_favs;2.0;2.0;2.0;2.0;1.0
1004;0;hTWKbfoikeg;xUiWQJVnYQE;ditto_favs;2.0;1.0;1.0;1.0;1.0
1004;0;hTWKbfoikeg;z9LiPuVRyU8;mutual_unconfident;2.0;1.0;3.0;2.0;1.0
1009;1;3HetQa0eyYk;1mNMe28rNuc;mutual_unconfident;1.0;2.0;1.0;0.0;3.0
1009;1;3HetQa0eyYk;38GjUF2IS18;ditto_favs;0.0;2.0;1.0;1.0;1.0
1009;1;3HetQa0eyYk;3QGMCSCFoKA;re-move_favs;1.0;1.0;1.0;1.0;2.0
1009;1;3HetQa0eyYk;PH05OA_4qME;ditto_favs;0.0;0.0;0.0;0.0;1.0
1009;1;3HetQa0eyYk;UAHr5VcUI3Q;mutual_unconfident;2.0;2.0;3.0;3.0;2.0
1009;1;3HetQa0eyYk;XekMkIJ843w;mutual_unconfident;1.0;1.0;1.0;1.0;0.0
1009;1;3HetQa0eyYk;aFt9C9brQY8;ditto_favs;0.0;0.0;0.0;0.0;3.0
1009;1;3HetQa0eyYk;hBp4dgE7Bho;re-move_favs;0.0;0.0;0.0;0.0;1.0
1009;1;3HetQa0eyYk;i3JybLTO_3g;re-move_favs;1.0;2.0;1.0;0.0;2.0
1035;17;Mk9yQt7FvCI;CBCyFLSW2aI;re-move_favs;2.0;0.0;0.0;2.0;0.0
1035;17;Mk9yQt7FvCI;HaNMIvwatto;ditto_favs;1.0;1.0;1.0;2.0;1.0
1035;17;Mk9yQt7FvCI;Hmugfm-1n2A;ditto_favs;1.0;1.0;1.0;3.0;1.0
1035;17;Mk9yQt7FvCI;Kp5O9xvelWs;mutual_unconfident;2.0;1.0;1.0;3.0;1.0
1035;17;Mk9yQt7FvCI;YugSllQJgug;mutual_unconfident;1.0;1.0;1.0;1.0;1.0
1035;17;Mk9yQt7FvCI;gxJj084Vpdg;ditto_favs;1.0;1.0;1.0;2.0;1.0
1035;17;Mk9yQt7FvCI;jH4YI1faPwU;re-move_favs;1.0;1.0;1.0;1.0;1.0
1035;17;Mk9yQt7FvCI;p9woC3Mrq9w;mutual_unconfident;1.0;1.0;1.0;2.0;1.0
1035;17;Mk9yQt7FvCI;tFGs7HP15d4;re-move_favs;1.0;1.0;1.0;2.0;1.0
1074;0;Am38jAK38DU;5dkpk1gmaDc;mutual_unconfident;1.0;1.0;1.0;1.0;1.0
1074;0;Am38jAK38DU;AiIBKcd4m5Q;re-move_favs;1.0;1.0;1.0;1.0;2.0
1074;0;Am38jAK38DU;AnmZ932gszo;re-move_favs;1.0;1.0;1.0;1.0;2.0
1074;0;Am38jAK38DU;BRV6r2jaGx0;mutual_unconfident;1.0;1.0;1.0;1.0;1.0
1074;0;Am38jAK38DU;FIojvnr3uO8;ditto_favs;1.0;1.0;1.0;1.0;1.0
1074;0;Am38jAK38DU;NVnV-CfALFw;ditto_favs;1.0;1.0;1.0;1.0;1.0
1074;0;Am38jAK38DU;m_KGRqHwfJQ;re-move_favs;1.0;1.0;1.0;1.0;2.0
1074;0;Am38jAK38DU;o0ygIfzs3mI;mutual_unconfident;2.0;2.0;2.0;2.0;1.0
1074;0;Am38jAK38DU;pSADonusRZ0;ditto_favs;0.0;0.0;0.0;0.0;0.0
1163;14;e0fzLOjCaJA;4WMAakIf2TA;ditto_favs;1.0;1.0;1.0;1.0;1.0
1163;14;e0fzLOjCaJA;8xYI2eVwefg;ditto_favs;1.0;1.0;1.0;2.0;1.0
1163;14;e0fzLOjCaJA;ADIyC5iTTt4;mutual_unconfident;1.0;2.0;1.0;2.0;1.0
1163;14;e0fzLOjCaJA;AvMmAJfO-pk;re-move_favs;2.0;1.0;1.0;2.0;1.0
1163;14;e0fzLOjCaJA;LBrllMY7mrY;mutual_unconfident;1.0;1.0;1.0;1.0;1.0
1163;14;e0fzLOjCaJA;copBvYVNHnA;re-move_favs;2.0;2.0;1.0;2.0;1.0
1163;14;e0fzLOjCaJA;i4aCCJnz9mc;mutual_unconfident;2.0;1.0;2.0;1.0;1.0
1163;14;e0fzLOjCaJA;kYJ8pkf1PEY;ditto_favs;1.0;1.0;1.0;1.0;1.0
1163;14;e0fzLOjCaJA;yN9auOLr4j8;re-move_favs;2.0;1.0;1.0;2.0;1.0
1205;12;IgJq6v6gA_4;2Xigou7ld7I;re-move_favs;2.0;2.0;2.0;2.0;2.0
1205;12;IgJq6v6gA_4;2uOMr4KWjkY;re-move_favs;1.0;1.0;1.0;1.0;1.0
1205;12;IgJq6v6gA_4;OxFaD7hX1ow;ditto_favs;0.0;0.0;0.0;0.0;0.0
1205;12;IgJq6v6gA_4;Tjk0GnkJVdE;mutual_unconfident;1.0;1.0;1.0;1.0;1.0
1205;12;IgJq6v6gA_4;UFeSHBf4G_I;re-move_favs;2.0;2.0;2.0;2.0;2.0
1205;12;IgJq6v6gA_4;dqMUnqyngKQ;ditto_favs;0.0;0.0;0.0;0.0;0.0
1205;12;IgJq6v6gA_4;e3rTzc1NKT4;mutual_unconfident;1.0;1.0;1.0;1.0;1.0
1205;12;IgJq6v6gA_4;o0HLqZ0JZs8;ditto_favs;0.0;2.0;0.0;2.0;0.0
1205;12;IgJq6v6gA_4;vIoxrzjerA8;mutual_unconfident;1.0;1.0;1.0;1.0;1.0
1210;11;CM-EgnGvySA;HloB3xa28S8;ditto_favs;2.0;2.0;2.0;2.0;2.0
1210;11;CM-EgnGvySA;LO6OaR5PK_w;re-move_favs;1.0;1.0;2.0;1.0;2.0
1210;11;CM-EgnGvySA;Mb1KLjbSk40;re-move_favs;1.0;2.0;1.0;2.0;1.0
1210;11;CM-EgnGvySA;WJv20c2flwY;mutual_unconfident;1.0;2.0;1.0;2.0;2.0
1210;11;CM-EgnGvySA;Y2boAKLqakk;mutual_unconfident;1.0;1.0;2.0;1.0;2.0
1210;11;CM-EgnGvySA;ZsNlcr4frs4;mutual_unconfident;1.0;1.0;1.0;1.0;1.0
1210;11;CM-EgnGvySA;enJiLuH9YUA;re-move_favs;1.0;1.0;1.0;3.0;1.0
1210;11;CM-EgnGvySA;lj-CXo3GwJ0;ditto_favs;1.0;2.0;2.0;2.0;2.0
1210;11;CM-EgnGvySA;uWG4Nw9VCj0;ditto_favs;1.0;1.0;1.0;3.0;1.0
1211;2;JsgJTvGscF4;0CTja8rP03o;re-move_favs;1.0;2.0;1.0;;
1211;2;JsgJTvGscF4;8gBW35tM5a0;ditto_favs;2.0;3.0;1.0;;
1211;2;JsgJTvGscF4;C2utnTK-Jjc;mutual_unconfident;1.0;1.0;1.0;;
1211;2;JsgJTvGscF4;Cn1sUIs5yeE;ditto_favs;2.0;2.0;0.0;;
1211;2;JsgJTvGscF4;GG7fLOmlhYg;re-move_favs;1.0;1.0;3.0;;
1211;2;JsgJTvGscF4;KATpLCm8tlg;re-move_favs;2.0;2.0;2.0;;
1211;2;JsgJTvGscF4;QuTGY8VFsQY;ditto_favs;2.0;2.0;1.0;;
1211;2;JsgJTvGscF4;bpd88Z-SP8Q;mutual_unconfident;1.0;1.0;1.0;;
1211;2;JsgJTvGscF4;zvddYF6MFAU;mutual_unconfident;1.0;2.0;1.0;;
1241;29;V8yQFE1kgbU;E20a5KcN0eo;re-move_favs;1.0;1.0;1.0;1.0;1.0
1241;29;V8yQFE1kgbU;NE3KJBD0LN8;ditto_favs;0.0;0.0;0.0;0.0;0.0
1241;29;V8yQFE1kgbU;NSkboTTTmpg;mutual_unconfident;1.0;1.0;1.0;1.0;1.0
1241;29;V8yQFE1kgbU;X9tDsFXBAeg;mutual_unconfident;1.0;1.0;1.0;1.0;1.0
1241;29;V8yQFE1kgbU;cBqVdLHq2B0;ditto_favs;1.0;1.0;1.0;1.0;1.0
1241;29;V8yQFE1kgbU;lEhySKqHQ_s;ditto_favs;3.0;1.0;1.0;2.0;1.0
1241;29;V8yQFE1kgbU;mL6u-AuP370;mutual_unconfident;0.0;0.0;1.0;0.0;1.0
1241;29;V8yQFE1kgbU;oPmMUZbnc3o;re-move_favs;1.0;1.0;1.0;1.0;1.0
1241;29;V8yQFE1kgbU;vUeQcvNeqZg;re-move_favs;1.0;1.0;1.0;1.0;1.0
1280;5;UkGXUn0Kuuw;833xjLhk834;ditto_favs;0.0;3.0;2.0;0.0;0.0
1280;5;UkGXUn0Kuuw;HsffxGyY4ck;re-move_favs;1.0;1.0;2.0;1.0;1.0
1280;5;UkGXUn0Kuuw;M4vaJGYOSos;mutual_unconfident;1.0;0.0;2.0;1.0;1.0
1280;5;UkGXUn0Kuuw;RDoAHle7P0E;mutual_unconfident;1.0;0.0;2.0;1.0;1.0
1280;5;UkGXUn0Kuuw;Svf4QunLI6w;re-move_favs;1.0;1.0;1.0;1.0;1.0
1280;5;UkGXUn0Kuuw;_K1ogOk4ITk;mutual_unconfident;1.0;0.0;1.0;1.0;1.0
1280;5;UkGXUn0Kuuw;drDv9Ne5140;re-move_favs;0.0;1.0;2.0;0.0;1.0
1280;5;UkGXUn0Kuuw;t-kR_3QTvIk;ditto_favs;2.0;2.0;1.0;2.0;1.0
1280;5;UkGXUn0Kuuw;vHx0ePQ4cZg;ditto_favs;1.0;1.0;2.0;1.0;1.0
1297;29;knxBue4jnUA;1qiRmm3Q4gM;mutual_unconfident;1.0;1.0;1.0;3.0;1.0
1297;29;knxBue4jnUA;ENX8J1Itv8A;ditto_favs;2.0;2.0;2.0;0.0;1.0
1297;29;knxBue4jnUA;Ezt-NlP2-uI;mutual_unconfident;1.0;1.0;2.0;2.0;1.0
1297;29;knxBue4jnUA;VkDnVhy9kAk;re-move_favs;3.0;2.0;3.0;3.0;1.0
1297;29;knxBue4jnUA;WJrkg6VLo9I;mutual_unconfident;2.0;1.0;2.0;3.0;1.0
1297;29;knxBue4jnUA;biAVjLYHqMk;re-move_favs;2.0;2.0;3.0;3.0;2.0
1297;29;knxBue4jnUA;kZOEeyTi-_4;ditto_favs;3.0;0.0;3.0;2.0;1.0
1297;29;knxBue4jnUA;oq82YL7ZWIk;re-move_favs;3.0;0.0;3.0;2.0;0.0
1297;29;knxBue4jnUA;p8INPI09m6E;ditto_favs;1.0;2.0;2.0;3.0;1.0
1332;7;viCwfegDamw;JcY7Gxdlc38;ditto_favs;1.0;2.0;2.0;1.0;2.0
1332;7;viCwfegDamw;JtASR4iy5Jg;ditto_favs;0.0;2.0;2.0;1.0;1.0
1332;7;viCwfegDamw;Kmd65MVsO70;re-move_favs;2.0;1.0;2.0;2.0;2.0
1332;7;viCwfegDamw;QaPWH6vfm20;re-move_favs;1.0;1.0;2.0;1.0;1.0
1332;7;viCwfegDamw;aeb5xmeyRJY;re-move_favs;2.0;1.0;1.0;0.0;1.0
1332;7;viCwfegDamw;e9c-nq1f0wY;mutual_unconfident;1.0;1.0;1.0;1.0;1.0
1332;7;viCwfegDamw;iuZTk1hdpMs;mutual_unconfident;1.0;1.0;1.0;1.0;1.0
1332;7;viCwfegDamw;wBZi7JIdSps;mutual_unconfident;1.0;1.0;1.0;1.0;1.0
1332;7;viCwfegDamw;zFFQQl-ZQVk;ditto_favs;0.0;0.0;0.0;1.0;1.0
1333;13;lUb02EGeMuA;4Ssj11CJba0;ditto_favs;2.0;0.0;2.0;2.0;1.0
1333;13;lUb02EGeMuA;HZy9_Z0NI7M;mutual_unconfident;1.0;1.0;2.0;1.0;1.0
1333;13;lUb02EGeMuA;IVpIcw5rZ2Q;ditto_favs;0.0;1.0;1.0;0.0;0.0
1333;13;lUb02EGeMuA;KV2ssT8lzj8;re-move_favs;1.0;1.0;1.0;1.0;1.0
1333;13;lUb02EGeMuA;LKSgi08BdQQ;mutual_unconfident;1.0;1.0;1.0;1.0;1.0
1333;13;lUb02EGeMuA;W6U9h2S_R5k;mutual_unconfident;2.0;2.0;2.0;2.0;1.0
1333;13;lUb02EGeMuA;aCrmNTLA-xk;re-move_favs;1.0;1.0;1.0;1.0;1.0
1333;13;lUb02EGeMuA;buqD_rWOR8E;ditto_favs;1.0;2.0;2.0;2.0;1.0
1333;13;lUb02EGeMuA;y-2MA5H0N8A;re-move_favs;2.0;2.0;2.0;2.0;2.0
1385;1;MRsDEuV9sS4;2fGnPQFY0KM;ditto_favs;2.0;2.0;2.0;2.0;2.0
1385;1;MRsDEuV9sS4;B26Dzrf-LVQ;ditto_favs;2.0;2.0;0.0;2.0;2.0
1385;1;MRsDEuV9sS4;CICIOJqEb5c;mutual_unconfident;1.0;1.0;2.0;1.0;1.0
1385;1;MRsDEuV9sS4;Le4eqSw6GMY;re-move_favs;2.0;2.0;3.0;2.0;2.0
1385;1;MRsDEuV9sS4;NP3B0KN7BBo;re-move_favs;1.0;2.0;3.0;1.0;1.0
1385;1;MRsDEuV9sS4;SLdvnQD_eio;mutual_unconfident;1.0;1.0;2.0;1.0;1.0
1385;1;MRsDEuV9sS4;oHRNrgDIJfo;mutual_unconfident;1.0;1.0;1.0;1.0;1.0
1385;1;MRsDEuV9sS4;pvKUttYs5ow;re-move_favs;1.0;1.0;3.0;1.0;1.0
1385;1;MRsDEuV9sS4;wxkZG1FzVQ0;ditto_favs;2.0;2.0;1.0;2.0;2.0
1393;10;9-V0lwnWVTA;-D48-9ZIdRY;re-move_favs;1.0;1.0;1.0;1.0;
1393;10;9-V0lwnWVTA;3U9P4-ac0Lc;mutual_unconfident;0.0;1.0;0.0;0.0;
1393;10;9-V0lwnWVTA;4H3kJu-ORPU;ditto_favs;1.0;1.0;1.0;1.0;
1393;10;9-V0lwnWVTA;94je-Nsn5NI;re-move_favs;1.0;1.0;1.0;1.0;
1393;10;9-V0lwnWVTA;DvePmN_c0ok;ditto_favs;1.0;1.0;1.0;1.0;
1393;10;9-V0lwnWVTA;LsyLgAdyJs4;re-move_favs;1.0;1.0;1.0;1.0;
1393;10;9-V0lwnWVTA;OCUe3dN64as;mutual_unconfident;1.0;1.0;1.0;1.0;
1393;10;9-V0lwnWVTA;aU0NRa9jd9Q;ditto_favs;0.0;0.0;0.0;0.0;
1393;10;9-V0lwnWVTA;s1kVEOXph4Q;mutual_unconfident;1.0;1.0;1.0;1.0;
1397;18;qPseJvXVVfo;A134hShx_gw;re-move_favs;1.0;1.0;2.0;;
1397;18;qPseJvXVVfo;NlwIDxCjL-8;ditto_favs;1.0;1.0;1.0;;
1397;18;qPseJvXVVfo;QJJYpsA5tv8;mutual_unconfident;1.0;1.0;3.0;;
1397;18;qPseJvXVVfo;QK-Z1K67uaA;ditto_favs;1.0;1.0;2.0;;
1397;18;qPseJvXVVfo;f54g9F05ld8;ditto_favs;1.0;1.0;3.0;;
1397;18;qPseJvXVVfo;ou3CWtmNUtQ;mutual_unconfident;1.0;1.0;1.0;;
1397;18;qPseJvXVVfo;unJ9j3r0LN8;re-move_favs;1.0;1.0;3.0;;
1397;18;qPseJvXVVfo;wda9LIcvP0k;re-move_favs;2.0;2.0;3.0;;
1397;18;qPseJvXVVfo;zpMfZPAc1kg;mutual_unconfident;1.0;1.0;3.0;;
1474;0;IXdNnw99-Ic;0CZYO7ajY-M;re-move_favs;1.0;1.0;1.0;1.0;
1474;0;IXdNnw99-Ic;17JuXSJEx2w;ditto_favs;0.0;0.0;0.0;0.0;
1474;0;IXdNnw99-Ic;JwYX52BP2Sk;mutual_unconfident;1.0;1.0;1.0;1.0;
1474;0;IXdNnw99-Ic;Lq_jMMg63QA;re-move_favs;1.0;1.0;1.0;1.0;
1474;0;IXdNnw99-Ic;V5ZyOoTTCy8;mutual_unconfident;1.0;1.0;1.0;1.0;
1474;0;IXdNnw99-Ic;grPPOBLzvoo;ditto_favs;0.0;2.0;0.0;0.0;
1474;0;IXdNnw99-Ic;lXgkuM2NhYI;re-move_favs;1.0;1.0;1.0;1.0;
1474;0;IXdNnw99-Ic;ujNeHIo7oTE;mutual_unconfident;1.0;1.0;1.0;1.0;
1474;0;IXdNnw99-Ic;zfDG00hc_R0;ditto_favs;0.0;0.0;0.0;0.0;
1520;0;P1Y_9mi63ps;Erkv1-_xR7U;mutual_unconfident;1.0;2.0;1.0;2.0;1.0
1520;0;P1Y_9mi63ps;KqaEgqRf9Rk;ditto_favs;0.0;1.0;0.0;1.0;0.0
1520;0;P1Y_9mi63ps;UilhsrAQAzU;re-move_favs;2.0;1.0;2.0;2.0;2.0
1520;0;P1Y_9mi63ps;a6_I_Kzb1HE;mutual_unconfident;1.0;1.0;1.0;1.0;1.0
1520;0;P1Y_9mi63ps;cX-Lwrgyg34;ditto_favs;0.0;2.0;2.0;1.0;2.0
1520;0;P1Y_9mi63ps;kep1aOaHQ-8;re-move_favs;2.0;1.0;1.0;1.0;2.0
1520;0;P1Y_9mi63ps;t7wfdrxIyLY;mutual_unconfident;2.0;2.0;2.0;1.0;3.0
1520;0;P1Y_9mi63ps;tE-kmcgSBVo;re-move_favs;2.0;2.0;2.0;1.0;2.0
1520;0;P1Y_9mi63ps;tMJV7u1Wbtg;ditto_favs;2.0;2.0;2.0;1.0;2.0
1521;27;MMjKNM_Q3S0;EmoZko8PdrE;ditto_favs;1.0;1.0;1.0;1.0;2.0
1521;27;MMjKNM_Q3S0;Ht0lPunQrTo;mutual_unconfident;1.0;1.0;2.0;1.0;1.0
1521;27;MMjKNM_Q3S0;I-VsisgVkHw;ditto_favs;3.0;1.0;2.0;2.0;1.0
1521;27;MMjKNM_Q3S0;O2CIAKVTOrc;re-move_favs;1.0;1.0;3.0;1.0;1.0
1521;27;MMjKNM_Q3S0;Vd-8SmjxnTA;ditto_favs;1.0;3.0;2.0;2.0;1.0
1521;27;MMjKNM_Q3S0;hLQl3WQQoQ0;re-move_favs;1.0;1.0;1.0;2.0;1.0
1521;27;MMjKNM_Q3S0;ksdAs4LBRq8;re-move_favs;2.0;1.0;1.0;1.0;1.0
1521;27;MMjKNM_Q3S0;qmOLtTGvsbM;mutual_unconfident;1.0;1.0;1.0;2.0;1.0
1521;27;MMjKNM_Q3S0;rP09GUQFDFk;mutual_unconfident;1.0;1.0;1.0;1.0;1.0
1536;5;4rG0xVfW_0Q;B0nUwBBrJn8;mutual_unconfident;1.0;1.0;1.0;1.0;1.0
1536;5;4rG0xVfW_0Q;HU0SZXcNNbY;ditto_favs;1.0;2.0;1.0;1.0;1.0
1536;5;4rG0xVfW_0Q;OKWkYxikygQ;mutual_unconfident;1.0;1.0;1.0;1.0;1.0
1536;5;4rG0xVfW_0Q;PmDx0wPG7Cc;ditto_favs;1.0;1.0;1.0;1.0;1.0
1536;5;4rG0xVfW_0Q;_H234Qmgk9o;ditto_favs;2.0;2.0;2.0;2.0;0.0
1536;5;4rG0xVfW_0Q;doLyYu_3eUU;re-move_favs;1.0;1.0;1.0;1.0;1.0
1536;5;4rG0xVfW_0Q;gHiILCHm22A;re-move_favs;1.0;1.0;1.0;1.0;1.0
1536;5;4rG0xVfW_0Q;hLCYTUaoqDM;mutual_unconfident;1.0;1.0;1.0;1.0;1.0
1536;5;4rG0xVfW_0Q;lMAM2lbUxQU;re-move_favs;1.0;1.0;1.0;1.0;1.0
1680;3;GPC3vj_qDVU;5r3B7yz6J68;re-move_favs;1.0;2.0;1.0;1.0;1.0
1680;3;GPC3vj_qDVU;CCIG6nbyiUM;mutual_unconfident;1.0;1.0;1.0;1.0;1.0
1680;3;GPC3vj_qDVU;Q80_LmmJWno;mutual_unconfident;1.0;1.0;1.0;1.0;1.0
1680;3;GPC3vj_qDVU;V08ARqt7QHM;mutual_unconfident;1.0;2.0;1.0;1.0;1.0
1680;3;GPC3vj_qDVU;b7Rvsxa6OKU;ditto_favs;1.0;1.0;1.0;1.0;1.0
1680;3;GPC3vj_qDVU;cixhJpyTWko;ditto_favs;1.0;3.0;2.0;2.0;2.0
1680;3;GPC3vj_qDVU;j3Uo24iNA4k;re-move_favs;2.0;2.0;2.0;2.0;2.0
1680;3;GPC3vj_qDVU;nMUG9GM3hNw;ditto_favs;1.0;1.0;2.0;1.0;1.0
1680;3;GPC3vj_qDVU;rZs2NvQy3bY;re-move_favs;1.0;2.0;1.0;2.0;2.0
1848;13;SSvhWM9s5SE;5Od3140xjeI;mutual_unconfident;1.0;1.0;1.0;1.0;1.0
1848;13;SSvhWM9s5SE;DCtouot15cA;mutual_unconfident;1.0;1.0;1.0;1.0;1.0
1848;13;SSvhWM9s5SE;GiGxZg8Y8-U;ditto_favs;0.0;0.0;0.0;1.0;0.0
1848;13;SSvhWM9s5SE;JvJWEbAkzd8;re-move_favs;1.0;1.0;1.0;1.0;1.0
1848;13;SSvhWM9s5SE;RmSJI1Kp0Es;mutual_unconfident;1.0;1.0;1.0;1.0;1.0
1848;13;SSvhWM9s5SE;dPZRDWLujsQ;re-move_favs;1.0;1.0;1.0;1.0;1.0
1848;13;SSvhWM9s5SE;kcuvgoaoOXA;ditto_favs;0.0;0.0;0.0;1.0;0.0
1848;13;SSvhWM9s5SE;sFAoWwUwknc;re-move_favs;0.0;1.0;0.0;0.0;1.0
1848;13;SSvhWM9s5SE;tBA8zdFuuTw;ditto_favs;0.0;0.0;0.0;1.0;0.0
1919;15;VQgb-jR1MdU;1r-LKNTHISg;ditto_favs;1.0;;;;
1919;15;VQgb-jR1MdU;3zc0REkdE0s;mutual_unconfident;1.0;;;;
1919;15;VQgb-jR1MdU;77Xop-lN84k;re-move_favs;1.0;;;;
1919;15;VQgb-jR1MdU;N6gI1Q8OLX8;re-move_favs;2.0;;;;
1919;15;VQgb-jR1MdU;Ou4CrCMe_MU;ditto_favs;2.0;;;;
1919;15;VQgb-jR1MdU;b_MHULLyBJ8;mutual_unconfident;1.0;;;;
1919;15;VQgb-jR1MdU;dHsOPYhe7HI;re-move_favs;1.0;;;;
1919;15;VQgb-jR1MdU;hyj4JFSErrw;mutual_unconfident;1.0;;;;
1919;15;VQgb-jR1MdU;tsZHJqnvurM;ditto_favs;1.0;;;;
1928;23;Dle5XEVmwCk;16Ky61VCCCg;ditto_favs;2.0;2.0;2.0;2.0;2.0
1928;23;Dle5XEVmwCk;JRUAK_57_6Q;ditto_favs;1.0;1.0;1.0;1.0;1.0
1928;23;Dle5XEVmwCk;MdojRpLSXA4;mutual_unconfident;1.0;1.0;1.0;1.0;1.0
1928;23;Dle5XEVmwCk;TmfQQC1bsf4;re-move_favs;1.0;1.0;1.0;1.0;1.0
1928;23;Dle5XEVmwCk;ZAb6zEncigg;re-move_favs;1.0;1.0;1.0;1.0;1.0
1928;23;Dle5XEVmwCk;b09U0KLv6I4;mutual_unconfident;1.0;1.0;1.0;1.0;1.0
1928;23;Dle5XEVmwCk;hwUKR_9Xdns;re-move_favs;1.0;1.0;1.0;1.0;1.0
1928;23;Dle5XEVmwCk;nUw8MpJBy3k;ditto_favs;2.0;0.0;2.0;2.0;2.0
1928;23;Dle5XEVmwCk;wDOqAmUSF9k;mutual_unconfident;0.0;1.0;1.0;1.0;1.0
1944;6;EyAbCbgiGFg;5cUitaVVCfY;ditto_favs;2.0;2.0;2.0;2.0;2.0
1944;6;EyAbCbgiGFg;DVzcQ4_khsM;mutual_unconfident;1.0;1.0;1.0;1.0;2.0
1944;6;EyAbCbgiGFg;ETomP5GD1k0;ditto_favs;1.0;2.0;2.0;2.0;2.0
1944;6;EyAbCbgiGFg;NpOsY6HTgtI;ditto_favs;1.0;2.0;2.0;2.0;2.0
1944;6;EyAbCbgiGFg;OorZcOzNcgE;re-move_favs;1.0;1.0;1.0;1.0;1.0
1944;6;EyAbCbgiGFg;_0dq6SL8WRc;mutual_unconfident;1.0;1.0;1.0;1.0;1.0
1944;6;EyAbCbgiGFg;eJW9N-h8UgI;re-move_favs;2.0;2.0;2.0;2.0;2.0
1944;6;EyAbCbgiGFg;fvrogxMHmlg;re-move_favs;1.0;1.0;1.0;1.0;1.0
1944;6;EyAbCbgiGFg;isCh4kCeNYU;mutual_unconfident;1.0;1.0;1.0;1.0;3.0
1976;1;x4ixBuhQGsw;Kc71KZG87X4;mutual_unconfident;1.0;2.0;1.0;2.0;1.0
1976;1;x4ixBuhQGsw;LSYGIljR6sQ;mutual_unconfident;1.0;1.0;1.0;2.0;3.0
1976;1;x4ixBuhQGsw;OT31rzrY9Mg;re-move_favs;1.0;2.0;1.0;2.0;1.0
1976;1;x4ixBuhQGsw;anY0xZRQZZY;re-move_favs;1.0;1.0;1.0;1.0;2.0
1976;1;x4ixBuhQGsw;iXqf_2A8DbE;ditto_favs;2.0;1.0;2.0;1.0;1.0
1976;1;x4ixBuhQGsw;oCiSmFvqjfU;ditto_favs;0.0;0.0;0.0;2.0;0.0
1976;1;x4ixBuhQGsw;qUVUX_aP0hk;ditto_favs;0.0;0.0;2.0;2.0;0.0
1976;1;x4ixBuhQGsw;rFbKPcHtFAQ;mutual_unconfident;1.0;1.0;1.0;1.0;1.0
1976;1;x4ixBuhQGsw;zjxz90hLYtw;re-move_favs;1.0;1.0;1.0;2.0;1.0
2023;14;wOG5EBGOktw;2H39R2if3NM;mutual_unconfident;0.0;0.0;0.0;0.0;0.0
2023;14;wOG5EBGOktw;EDz0FKEJYRM;mutual_unconfident;0.0;1.0;0.0;0.0;0.0
2023;14;wOG5EBGOktw;N2gUlEN_Duk;ditto_favs;1.0;1.0;1.0;1.0;1.0
2023;14;wOG5EBGOktw;T7b3q5EickU;ditto_favs;1.0;1.0;2.0;1.0;3.0
2023;14;wOG5EBGOktw;Tq54xNOclH0;re-move_favs;1.0;1.0;1.0;1.0;2.0
2023;14;wOG5EBGOktw;gtjqZjEM7_k;re-move_favs;1.0;1.0;1.0;1.0;1.0
2023;14;wOG5EBGOktw;q55acy9BqR0;ditto_favs;1.0;1.0;2.0;1.0;1.0
2023;14;wOG5EBGOktw;wJ5s6DqWiyI;mutual_unconfident;1.0;1.0;2.0;1.0;1.0
2023;14;wOG5EBGOktw;ydedLa433q0;re-move_favs;1.0;1.0;2.0;2.0;2.0
2156;15;cZ1I9WXmIbY;Cx0xzO73Amo;mutual_unconfident;1.0;1.0;1.0;;
2156;15;cZ1I9WXmIbY;LVi_jUEL-Ys;ditto_favs;1.0;2.0;0.0;;
2156;15;cZ1I9WXmIbY;Tq0sbi2xAGE;mutual_unconfident;1.0;1.0;1.0;;
2156;15;cZ1I9WXmIbY;dTD-TcsUJ_g;re-move_favs;2.0;1.0;1.0;;
2156;15;cZ1I9WXmIbY;hkNl3pq1twE;re-move_favs;2.0;2.0;1.0;;
2156;15;cZ1I9WXmIbY;lGHcJ_-Hhps;mutual_unconfident;1.0;1.0;1.0;;
2156;15;cZ1I9WXmIbY;qQCBrLDIHfI;ditto_favs;2.0;0.0;0.0;;
2156;15;cZ1I9WXmIbY;x4n33RGvPKA;ditto_favs;1.0;2.0;0.0;;
2156;15;cZ1I9WXmIbY;xoNDAUNQXCE;re-move_favs;1.0;1.0;1.0;;
2163;6;AeJ9d-U55TI;6gQ7m0c4ReI;re-move_favs;1.0;1.0;1.0;1.0;1.0
2163;6;AeJ9d-U55TI;DyF2HNu_UCA;mutual_unconfident;1.0;1.0;1.0;1.0;1.0
2163;6;AeJ9d-U55TI;IJpwoQul69Y;ditto_favs;1.0;1.0;1.0;1.0;1.0
2163;6;AeJ9d-U55TI;ThjbFUX0gHA;re-move_favs;1.0;1.0;0.0;1.0;1.0
2163;6;AeJ9d-U55TI;VqnAD_8pna0;re-move_favs;1.0;1.0;1.0;1.0;0.0
2163;6;AeJ9d-U55TI;cwnLx8oW4AA;ditto_favs;0.0;0.0;0.0;0.0;1.0
2163;6;AeJ9d-U55TI;gjuFY5frfIM;mutual_unconfident;1.0;1.0;1.0;1.0;1.0
2163;6;AeJ9d-U55TI;jFk45ehwBEA;ditto_favs;0.0;0.0;0.0;0.0;0.0
2163;6;AeJ9d-U55TI;w38PyfMrzdk;mutual_unconfident;1.0;1.0;1.0;1.0;1.0
2195;18;j7JF6tf7OSQ;-j5Jb644eF8;ditto_favs;2.0;2.0;2.0;2.0;2.0
2195;18;j7JF6tf7OSQ;24AKYyNusvs;ditto_favs;2.0;1.0;2.0;2.0;2.0
2195;18;j7JF6tf7OSQ;MRJMqRu_lhU;mutual_unconfident;1.0;1.0;1.0;1.0;1.0
2195;18;j7JF6tf7OSQ;RbmS3tQJ7Os;re-move_favs;1.0;2.0;1.0;1.0;1.0
2195;18;j7JF6tf7OSQ;W0bi7OfaKMY;mutual_unconfident;1.0;0.0;1.0;1.0;1.0
2195;18;j7JF6tf7OSQ;a2giXO6eyuI;re-move_favs;0.0;0.0;1.0;0.0;0.0
2195;18;j7JF6tf7OSQ;e_fZbUpGplA;re-move_favs;1.0;1.0;1.0;1.0;3.0
2195;18;j7JF6tf7OSQ;j1ZkAKLL_hA;ditto_favs;2.0;2.0;2.0;2.0;2.0
2195;18;j7JF6tf7OSQ;mvxQYPR4lmU;mutual_unconfident;1.0;1.0;1.0;1.0;1.0
2215;13;JBWQqWxTNQk;MYPJOCxSUFc;mutual_unconfident;1.0;1.0;1.0;1.0;1.0
2215;13;JBWQqWxTNQk;Otxb1x3Y3xI;ditto_favs;1.0;1.0;1.0;0.0;1.0
2215;13;JBWQqWxTNQk;V27ISDEbZ_Y;ditto_favs;2.0;2.0;1.0;1.0;1.0
2215;13;JBWQqWxTNQk;bJGfLjTPGd8;ditto_favs;1.0;1.0;1.0;2.0;1.0
2215;13;JBWQqWxTNQk;hlkEQXUdb0E;re-move_favs;0.0;0.0;0.0;0.0;0.0
2215;13;JBWQqWxTNQk;ilzvuie7Bks;re-move_favs;1.0;1.0;1.0;2.0;1.0
2215;13;JBWQqWxTNQk;l3LFML_pxlY;mutual_unconfident;1.0;1.0;1.0;1.0;1.0
2215;13;JBWQqWxTNQk;tiDuEtS94Rg;re-move_favs;1.0;1.0;1.0;1.0;1.0
2215;13;JBWQqWxTNQk;wzUEL7vw60U;mutual_unconfident;1.0;1.0;1.0;1.0;3.0
2273;16;DYxWF-A2zq4;BPiW0tkWfeg;mutual_unconfident;1.0;1.0;1.0;1.0;1.0
2273;16;DYxWF-A2zq4;DLOth-BuCNY;re-move_favs;1.0;1.0;1.0;1.0;1.0
2273;16;DYxWF-A2zq4;KGD2N5hJ2e0;re-move_favs;1.0;1.0;1.0;1.0;1.0
2273;16;DYxWF-A2zq4;RpoSnnjJ4YI;ditto_favs;2.0;2.0;2.0;2.0;2.0
2273;16;DYxWF-A2zq4;TMiAQPABgHA;mutual_unconfident;1.0;1.0;1.0;1.0;1.0
2273;16;DYxWF-A2zq4;f88FmExeyQ8;ditto_favs;2.0;2.0;2.0;2.0;2.0
2273;16;DYxWF-A2zq4;pldftoUbM80;mutual_unconfident;1.0;1.0;1.0;1.0;1.0
2273;16;DYxWF-A2zq4;s9NIBZfVBW4;re-move_favs;1.0;1.0;1.0;1.0;1.0
2273;16;DYxWF-A2zq4;wTaPhQAZdzA;ditto_favs;2.0;2.0;2.0;2.0;2.0
2286;15;ky4xcWU7Z2U;-oKl_4p-4Hc;re-move_favs;1.0;1.0;1.0;1.0;3.0
2286;15;ky4xcWU7Z2U;0OFpWbD2tTA;mutual_unconfident;0.0;0.0;1.0;0.0;3.0
2286;15;ky4xcWU7Z2U;N9SC2beS06g;ditto_favs;0.0;0.0;0.0;0.0;3.0
2286;15;ky4xcWU7Z2U;esHUkiNnwDc;mutual_unconfident;1.0;1.0;1.0;1.0;1.0
2286;15;ky4xcWU7Z2U;fV6bWK1ik6w;ditto_favs;0.0;0.0;0.0;0.0;2.0
2286;15;ky4xcWU7Z2U;flQM49WaCdw;ditto_favs;2.0;2.0;2.0;2.0;1.0
2286;15;ky4xcWU7Z2U;jQKYFUDY_9g;re-move_favs;1.0;1.0;1.0;1.0;2.0
2286;15;ky4xcWU7Z2U;mWipwfGYHj8;mutual_unconfident;1.0;1.0;1.0;1.0;3.0
2286;15;ky4xcWU7Z2U;oMAo-RXkESk;re-move_favs;1.0;1.0;1.0;1.0;2.0
2447;0;YQWszrZHBPI;7vK9McSCTbs;mutual_unconfident;0.0;1.0;1.0;;
2447;0;YQWszrZHBPI;B5-uZrQRJBo;ditto_favs;1.0;1.0;1.0;;
2447;0;YQWszrZHBPI;ImcUew3UM9U;ditto_favs;2.0;2.0;0.0;;
2447;0;YQWszrZHBPI;JihkKt-t8dg;re-move_favs;1.0;2.0;1.0;;
2447;0;YQWszrZHBPI;ROdEL1jlS98;re-move_favs;2.0;2.0;2.0;;
2447;0;YQWszrZHBPI;TFjmvfRvjTc;mutual_unconfident;1.0;1.0;2.0;;
2447;0;YQWszrZHBPI;Ut1VsxWbcVE;re-move_favs;2.0;2.0;3.0;;
2447;0;YQWszrZHBPI;YKiWpaMkU08;ditto_favs;0.0;0.0;3.0;;
2447;0;YQWszrZHBPI;Yfzrig2TpbY;mutual_unconfident;2.0;1.0;1.0;;
2487;29;QKPGbEeuywc;70u2F_ryLDM;ditto_favs;1.0;1.0;1.0;1.0;1.0
2487;29;QKPGbEeuywc;9zneipHoPhA;re-move_favs;1.0;0.0;0.0;1.0;0.0
2487;29;QKPGbEeuywc;D1FrGRKoHpk;ditto_favs;2.0;0.0;1.0;1.0;3.0
2487;29;QKPGbEeuywc;DjMnUk6VWVs;mutual_unconfident;1.0;2.0;1.0;1.0;1.0
2487;29;QKPGbEeuywc;VNkV6OTrstI;mutual_unconfident;1.0;1.0;1.0;1.0;1.0
2487;29;QKPGbEeuywc;hqL_RJ3DisU;re-move_favs;2.0;2.0;2.0;3.0;2.0
2487;29;QKPGbEeuywc;s1ZNGm04B5E;mutual_unconfident;1.0;1.0;1.0;1.0;2.0
2487;29;QKPGbEeuywc;uZgyjmtYevM;re-move_favs;2.0;3.0;2.0;1.0;1.0
2487;29;QKPGbEeuywc;vsSZU2SOpvM;ditto_favs;2.0;1.0;2.0;1.0;1.0
2618;1;u0XxFRuyD_s;26PAgklYYvo;mutual_unconfident;1.0;1.0;;;
2618;1;u0XxFRuyD_s;4Px6kJ_D8kM;ditto_favs;1.0;0.0;;;
2618;1;u0XxFRuyD_s;Q2Qy612cNrE;ditto_favs;1.0;0.0;;;
2618;1;u0XxFRuyD_s;Wq8BqYus40A;re-move_favs;1.0;1.0;;;
2618;1;u0XxFRuyD_s;_6FBfAQ-NDE;ditto_favs;1.0;1.0;;;
2618;1;u0XxFRuyD_s;dSDehTfGYK4;mutual_unconfident;1.0;1.0;;;
2618;1;u0XxFRuyD_s;gLFWRDsx5AI;re-move_favs;1.0;1.0;;;
2618;1;u0XxFRuyD_s;pT_Y-eodTv4;mutual_unconfident;1.0;1.0;;;
2618;1;u0XxFRuyD_s;sRYLFVOY1RI;re-move_favs;1.0;1.0;;;
2619;9;L7BjF2rceTw;1SIXIHDcKEg;re-move_favs;0.0;2.0;1.0;2.0;1.0
2619;9;L7BjF2rceTw;AwgHRodnKcc;ditto_favs;3.0;0.0;0.0;0.0;0.0
2619;9;L7BjF2rceTw;OhKR61y7SlQ;ditto_favs;2.0;2.0;0.0;2.0;2.0
2619;9;L7BjF2rceTw;Pp8sHP-s87I;mutual_unconfident;1.0;1.0;2.0;1.0;1.0
2619;9;L7BjF2rceTw;QktsXHD9dlQ;mutual_unconfident;2.0;1.0;1.0;1.0;1.0
2619;9;L7BjF2rceTw;RbBb7IMvMaw;mutual_unconfident;1.0;1.0;1.0;1.0;1.0
2619;9;L7BjF2rceTw;WOa-HA3MoVQ;re-move_favs;3.0;2.0;1.0;2.0;1.0
2619;9;L7BjF2rceTw;yIf3aQG56pE;re-move_favs;3.0;2.0;1.0;2.0;1.0
2619;9;L7BjF2rceTw;z5thQUS3ZcU;ditto_favs;0.0;1.0;1.0;1.0;1.0
2629;15;oriSHsk9NSU;AI6xqaIYdtE;re-move_favs;1.0;1.0;;;
2629;15;oriSHsk9NSU;EOUwgedjcMA;ditto_favs;0.0;0.0;;;
2629;15;oriSHsk9NSU;G3DOX4_gDvA;re-move_favs;1.0;0.0;;;
2629;15;oriSHsk9NSU;GsO-lTg2JyE;mutual_unconfident;0.0;0.0;;;
2629;15;oriSHsk9NSU;J4d53HYxliA;ditto_favs;0.0;0.0;;;
2629;15;oriSHsk9NSU;M5qgX-ln5L8;mutual_unconfident;1.0;1.0;;;
2629;15;oriSHsk9NSU;T2Wc43kBLYs;ditto_favs;0.0;0.0;;;
2629;15;oriSHsk9NSU;WcWA1LoeWU4;re-move_favs;1.0;2.0;;;
2629;15;oriSHsk9NSU;_N4SHZ58Jz4;mutual_unconfident;2.0;0.0;;;
2666;12;oB1p7b6emAg;3Bg0qAFimUU;ditto_favs;1.0;1.0;1.0;;
2666;12;oB1p7b6emAg;7pdQpDUNJsw;ditto_favs;1.0;2.0;1.0;;
2666;12;oB1p7b6emAg;7wwnL9bt67Q;re-move_favs;1.0;3.0;1.0;;
2666;12;oB1p7b6emAg;CMWLX0KXwF4;re-move_favs;1.0;2.0;1.0;;
2666;12;oB1p7b6emAg;N9zWVQ5zXBk;ditto_favs;0.0;0.0;0.0;;
2666;12;oB1p7b6emAg;avabPY3XgRc;re-move_favs;1.0;1.0;1.0;;
2666;12;oB1p7b6emAg;cq0-jIOxz4I;mutual_unconfident;1.0;2.0;1.0;;
2666;12;oB1p7b6emAg;dsgBpsNPQ50;mutual_unconfident;1.0;1.0;1.0;;
2666;12;oB1p7b6emAg;lrXIQQ8PeRs;mutual_unconfident;1.0;3.0;1.0;;
2858;15;UtZWYsJlGPo;8-dnB9yi_0o;ditto_favs;2.0;1.0;2.0;2.0;3.0
2858;15;UtZWYsJlGPo;BZpctyg1Wzo;mutual_unconfident;1.0;1.0;1.0;1.0;1.0
2858;15;UtZWYsJlGPo;D5bIw_tkigc;ditto_favs;0.0;0.0;0.0;0.0;0.0
2858;15;UtZWYsJlGPo;DE_tMA5KoZc;ditto_favs;1.0;3.0;1.0;1.0;2.0
2858;15;UtZWYsJlGPo;G87V04tdTRY;re-move_favs;1.0;1.0;1.0;1.0;3.0
2858;15;UtZWYsJlGPo;GKxKoE8TI3s;mutual_unconfident;1.0;2.0;1.0;1.0;2.0
2858;15;UtZWYsJlGPo;VRlb0ev-4ZM;re-move_favs;1.0;1.0;1.0;1.0;1.0
2858;15;UtZWYsJlGPo;eIMOMeah6Ug;mutual_unconfident;2.0;1.0;2.0;2.0;2.0
2858;15;UtZWYsJlGPo;nEs6rimk5Nc;re-move_favs;1.0;2.0;1.0;1.0;2.0
2917;1;TsjJeBpsU-o;94KeG9wvoo8;mutual_unconfident;1.0;1.0;1.0;1.0;1.0
2917;1;TsjJeBpsU-o;F1DJFNSideQ;re-move_favs;1.0;1.0;1.0;1.0;3.0
2917;1;TsjJeBpsU-o;RpNMeQEPOIY;ditto_favs;1.0;1.0;1.0;1.0;1.0
2917;1;TsjJeBpsU-o;Y4E3tHaZBlc;re-move_favs;1.0;1.0;1.0;1.0;3.0
2917;1;TsjJeBpsU-o;cy1bFI9zi4k;mutual_unconfident;1.0;1.0;1.0;1.0;0.0
2917;1;TsjJeBpsU-o;pvFoFe6iepU;ditto_favs;1.0;1.0;1.0;1.0;3.0
2917;1;TsjJeBpsU-o;t8GwcPNw0XY;mutual_unconfident;1.0;1.0;1.0;1.0;2.0
2917;1;TsjJeBpsU-o;vmRG4tWkWa8;ditto_favs;1.0;1.0;1.0;1.0;1.0
2917;1;TsjJeBpsU-o;yA6ssDKVbOc;re-move_favs;1.0;1.0;2.0;1.0;0.0
3005;3;P_95DOmt9Bc;-RRmpx04_Mw;ditto_favs;0.0;0.0;0.0;0.0;0.0
3005;3;P_95DOmt9Bc;0XPQaBhxnsQ;mutual_unconfident;1.0;1.0;1.0;1.0;1.0
3005;3;P_95DOmt9Bc;G2r7mRQX870;mutual_unconfident;1.0;1.0;1.0;1.0;1.0
3005;3;P_95DOmt9Bc;KTzmzrruHwc;re-move_favs;1.0;1.0;2.0;1.0;1.0
3005;3;P_95DOmt9Bc;L5V9nK7-OkM;mutual_unconfident;1.0;2.0;1.0;1.0;1.0
3005;3;P_95DOmt9Bc;ScNNfyq3d_w;re-move_favs;1.0;1.0;1.0;1.0;1.0
3005;3;P_95DOmt9Bc;gQs2V6JHhvM;ditto_favs;0.0;0.0;0.0;0.0;0.0
3005;3;P_95DOmt9Bc;nIrHyJz_f28;re-move_favs;1.0;1.0;1.0;1.0;1.0
3005;3;P_95DOmt9Bc;us0rNwyKUHw;ditto_favs;0.0;0.0;0.0;0.0;0.0
3016;15;R0HUOfpQI_g;8Zqg5k_GUx4;re-move_favs;1.0;1.0;1.0;1.0;1.0
3016;15;R0HUOfpQI_g;DjdFn1RYHDE;mutual_unconfident;0.0;0.0;0.0;0.0;0.0
3016;15;R0HUOfpQI_g;IwEyD7HF7A0;re-move_favs;1.0;1.0;2.0;1.0;2.0
3016;15;R0HUOfpQI_g;SQTHB4jM-KQ;mutual_unconfident;1.0;1.0;1.0;1.0;2.0
3016;15;R0HUOfpQI_g;SudQcff1sGY;mutual_unconfident;1.0;1.0;1.0;1.0;1.0
3016;15;R0HUOfpQI_g;XpTVaTeDafg;ditto_favs;0.0;0.0;0.0;0.0;0.0
3016;15;R0HUOfpQI_g;fLWMfNi_hyc;re-move_favs;0.0;0.0;0.0;1.0;1.0
3016;15;R0HUOfpQI_g;nqd1S-ClkSk;ditto_favs;1.0;1.0;2.0;1.0;1.0
3016;15;R0HUOfpQI_g;xBYHFw0uhnE;ditto_favs;0.0;0.0;0.0;0.0;0.0
3039;8;kLNkBaMa_vc;HPjgBsYj-IA;ditto_favs;1.0;1.0;1.0;1.0;1.0
3039;8;kLNkBaMa_vc;MA5Mf0M7ZRU;re-move_favs;3.0;1.0;1.0;1.0;1.0
3039;8;kLNkBaMa_vc;NypxVn42SI0;ditto_favs;0.0;1.0;1.0;1.0;1.0
3039;8;kLNkBaMa_vc;QPAo0ReyCpE;mutual_unconfident;2.0;1.0;1.0;1.0;2.0
3039;8;kLNkBaMa_vc;Rpq35wyDi7I;re-move_favs;3.0;1.0;1.0;1.0;1.0
3039;8;kLNkBaMa_vc;Rxwm8tfJb84;mutual_unconfident;1.0;1.0;1.0;1.0;0.0
3039;8;kLNkBaMa_vc;d5PqVeex4QU;mutual_unconfident;1.0;1.0;1.0;1.0;0.0
3039;8;kLNkBaMa_vc;fllcrk-1jFo;ditto_favs;2.0;1.0;1.0;1.0;1.0
3039;8;kLNkBaMa_vc;gheUuf4Cmbs;re-move_favs;3.0;2.0;1.0;1.0;2.0
3100;5;4tDslyvh3g4;AHTMEsNVaUQ;mutual_unconfident;1.0;1.0;1.0;1.0;1.0
3100;5;4tDslyvh3g4;D9GIFEA2aGw;mutual_unconfident;1.0;1.0;1.0;1.0;1.0
3100;5;4tDslyvh3g4;LfmrHTdXgK4;re-move_favs;1.0;1.0;1.0;1.0;1.0
3100;5;4tDslyvh3g4;MQgYzwUesJc;ditto_favs;1.0;1.0;1.0;1.0;1.0
3100;5;4tDslyvh3g4;MXb4fybj724;ditto_favs;1.0;1.0;1.0;1.0;1.0
3100;5;4tDslyvh3g4;REfpB2NVgtk;re-move_favs;2.0;1.0;1.0;1.0;1.0
3100;5;4tDslyvh3g4;X4PWPDgBeSg;ditto_favs;1.0;1.0;1.0;1.0;1.0
3100;5;4tDslyvh3g4;s_cHasJh3Jc;re-move_favs;1.0;1.0;1.0;1.0;1.0
3100;5;4tDslyvh3g4;yvE_7lBJia4;mutual_unconfident;1.0;1.0;1.0;1.0;1.0
3146;5;ppe93s21dBw;IJpwoQul69Y;ditto_favs;1.0;1.0;1.0;1.0;
3146;5;ppe93s21dBw;KmIkJgHISMo;re-move_favs;1.0;1.0;1.0;1.0;
3146;5;ppe93s21dBw;RWCSx1DxzhU;ditto_favs;1.0;1.0;0.0;0.0;
3146;5;ppe93s21dBw;ThjbFUX0gHA;re-move_favs;1.0;1.0;1.0;1.0;
3146;5;ppe93s21dBw;XUIXIfm4wQY;mutual_unconfident;1.0;1.0;1.0;1.0;
3146;5;ppe93s21dBw;dVA-1iJxRQI;re-move_favs;1.0;1.0;1.0;1.0;
3146;5;ppe93s21dBw;i3EwbusVXTY;mutual_unconfident;1.0;1.0;1.0;1.0;
3146;5;ppe93s21dBw;l0q7MLPo-u8;mutual_unconfident;1.0;1.0;1.0;1.0;
3146;5;ppe93s21dBw;nZQFXYPNx8E;ditto_favs;0.0;0.0;0.0;0.0;
3147;12;8NZBljRfXjU;3HMRLEceXMM;ditto_favs;1.0;1.0;1.0;2.0;
3147;12;8NZBljRfXjU;4VxdufqB9zg;mutual_unconfident;3.0;1.0;1.0;3.0;
3147;12;8NZBljRfXjU;CxVw_2JWVEk;re-move_favs;0.0;0.0;1.0;0.0;
3147;12;8NZBljRfXjU;WXBHCQYxwr0;ditto_favs;2.0;1.0;1.0;3.0;
3147;12;8NZBljRfXjU;_wsMEj2ZfW8;mutual_unconfident;2.0;1.0;1.0;3.0;
3147;12;8NZBljRfXjU;dBF78tA443A;re-move_favs;2.0;1.0;1.0;3.0;
3147;12;8NZBljRfXjU;rsHoLaYfk3M;re-move_favs;1.0;1.0;1.0;1.0;
3147;12;8NZBljRfXjU;v2AC41dglnM;mutual_unconfident;3.0;1.0;1.0;3.0;
3147;12;8NZBljRfXjU;z8N8SSdvEjk;ditto_favs;1.0;1.0;1.0;3.0;
3218;10;U7s-EH1Bmbk;5xx42_UGZvM;mutual_unconfident;1.0;1.0;1.0;1.0;1.0
3218;10;U7s-EH1Bmbk;6_bNHDxQZ4Q;re-move_favs;1.0;1.0;1.0;1.0;3.0
3218;10;U7s-EH1Bmbk;BncXzyjdREc;mutual_unconfident;1.0;1.0;1.0;2.0;2.0
3218;10;U7s-EH1Bmbk;GtPX1KL5Z80;ditto_favs;1.0;1.0;1.0;1.0;1.0
3218;10;U7s-EH1Bmbk;NFDxuP81kX4;ditto_favs;1.0;1.0;1.0;1.0;1.0
3218;10;U7s-EH1Bmbk;V2ozifSOizM;ditto_favs;2.0;1.0;2.0;1.0;1.0
3218;10;U7s-EH1Bmbk;cE-bnWqLqxE;re-move_favs;1.0;1.0;1.0;2.0;2.0
3218;10;U7s-EH1Bmbk;htzj_0rZS_M;re-move_favs;1.0;1.0;1.0;3.0;3.0
3218;10;U7s-EH1Bmbk;ijeXDjS_xvQ;mutual_unconfident;2.0;1.0;2.0;1.0;1.0
3220;0;-UvtOQnPE5c;XmgE_f1zCsE;mutual_unconfident;1.0;1.0;1.0;1.0;1.0
3220;0;-UvtOQnPE5c;aQ13ETkekd4;ditto_favs;2.0;0.0;0.0;0.0;1.0
3220;0;-UvtOQnPE5c;bHXR2_0DWXw;re-move_favs;1.0;1.0;1.0;1.0;1.0
3220;0;-UvtOQnPE5c;bRxdnwbM-C4;mutual_unconfident;1.0;1.0;1.0;1.0;0.0
3220;0;-UvtOQnPE5c;eF0dXoFQ4rM;ditto_favs;2.0;2.0;0.0;0.0;0.0
3220;0;-UvtOQnPE5c;hoxlJEwMoCw;mutual_unconfident;1.0;1.0;1.0;1.0;1.0
3220;0;-UvtOQnPE5c;sEK68eHnfmc;ditto_favs;0.0;0.0;0.0;0.0;0.0
3220;0;-UvtOQnPE5c;v2LixP7n_hM;re-move_favs;1.0;1.0;1.0;1.0;1.0
3220;0;-UvtOQnPE5c;xUTLr9JbuTM;re-move_favs;1.0;1.0;1.0;1.0;1.0
3436;15;7W_zayTaGrQ;-2hxU4UG3dA;re-move_favs;1.0;1.0;1.0;1.0;1.0
3436;15;7W_zayTaGrQ;-gznKFKQTOw;ditto_favs;2.0;2.0;2.0;1.0;2.0
3436;15;7W_zayTaGrQ;Bl0PGaBh-wM;ditto_favs;1.0;1.0;1.0;1.0;1.0
3436;15;7W_zayTaGrQ;WzRA9UzuU8c;mutual_unconfident;1.0;1.0;1.0;1.0;1.0
3436;15;7W_zayTaGrQ;XSvGdfOfLFw;re-move_favs;2.0;2.0;2.0;3.0;2.0
3436;15;7W_zayTaGrQ;_7PUPNxsRQ0;ditto_favs;1.0;1.0;1.0;1.0;1.0
3436;15;7W_zayTaGrQ;gStcwRdSr-Y;mutual_unconfident;1.0;1.0;1.0;0.0;1.0
3436;15;7W_zayTaGrQ;pkV0nplBbdU;mutual_unconfident;1.0;1.0;1.0;1.0;1.0
3436;15;7W_zayTaGrQ;u6hgepHMjdE;re-move_favs;2.0;2.0;2.0;2.0;2.0
3484;10;MNcQnf7SL-A;1k6ZT3mN5Zc;re-move_favs;0.0;0.0;0.0;1.0;0.0
3484;10;MNcQnf7SL-A;5FRtmSF-Akg;mutual_unconfident;0.0;1.0;1.0;1.0;1.0
3484;10;MNcQnf7SL-A;N5RVzjQki8o;mutual_unconfident;1.0;1.0;1.0;1.0;1.0
3484;10;MNcQnf7SL-A;WdfmuXY1FbQ;re-move_favs;0.0;1.0;1.0;1.0;1.0
3484;10;MNcQnf7SL-A;_SenN7Xe87k;ditto_favs;1.0;1.0;1.0;1.0;1.0
3484;10;MNcQnf7SL-A;c8v6HIzszjQ;ditto_favs;1.0;1.0;1.0;1.0;1.0
3484;10;MNcQnf7SL-A;k3mrpVwpeFY;mutual_unconfident;1.0;1.0;1.0;1.0;1.0
3484;10;MNcQnf7SL-A;xQVsBZY8G_I;re-move_favs;1.0;1.0;1.0;2.0;1.0
3484;10;MNcQnf7SL-A;yxL-SD5zejM;ditto_favs;0.0;2.0;2.0;1.0;1.0
3521;12;beTsDOBRs8I;-tJYN-eG1zk;mutual_unconfident;1.0;1.0;1.0;1.0;1.0
3521;12;beTsDOBRs8I;INhyNJZwCnU;ditto_favs;1.0;1.0;1.0;1.0;1.0
3521;12;beTsDOBRs8I;OhOoz7hMEWI;ditto_favs;2.0;1.0;1.0;1.0;1.0
3521;12;beTsDOBRs8I;WWhu2sTAgO0;re-move_favs;1.0;1.0;1.0;1.0;1.0
3521;12;beTsDOBRs8I;__HPfmvaWRw;mutual_unconfident;1.0;1.0;1.0;1.0;1.0
3521;12;beTsDOBRs8I;bpNw7jYkbVc;mutual_unconfident;1.0;1.0;1.0;1.0;1.0
3521;12;beTsDOBRs8I;h3Yrhv33Zb8;re-move_favs;1.0;1.0;1.0;0.0;1.0
3521;12;beTsDOBRs8I;qywfSdMxET4;re-move_favs;1.0;1.0;1.0;1.0;1.0
3521;12;beTsDOBRs8I;vFzzsyiBw58;ditto_favs;1.0;1.0;1.0;1.0;1.0
3558;14;kieGY9dXDyM;6CEIXOtcyrM;mutual_unconfident;2.0;2.0;1.0;2.0;2.0
3558;14;kieGY9dXDyM;9m7tPikH0UA;ditto_favs;3.0;1.0;1.0;1.0;1.0
3558;14;kieGY9dXDyM;GZNJFrb0IGo;mutual_unconfident;2.0;1.0;1.0;1.0;1.0
3558;14;kieGY9dXDyM;H0XyNfZj5Xs;mutual_unconfident;2.0;1.0;1.0;1.0;1.0
3558;14;kieGY9dXDyM;LXY_HIU9CwQ;ditto_favs;0.0;0.0;0.0;0.0;0.0
3558;14;kieGY9dXDyM;Muty0wRsH90;mutual_unconfident;3.0;1.0;1.0;1.0;1.0
3558;14;kieGY9dXDyM;OmLNs6zQIHo;mutual_unconfident;3.0;1.0;1.0;1.0;1.0
3558;14;kieGY9dXDyM;n9aL0otZalc;mutual_unconfident;3.0;1.0;1.0;1.0;1.0
3558;14;kieGY9dXDyM;rJ1SMhOJU2g;ditto_favs;0.0;0.0;0.0;0.0;0.0
3584;3;01Kb94g3_Dg;-iWgjM2SJMI;ditto_favs;1.0;1.0;0.0;2.0;2.0
3584;3;01Kb94g3_Dg;C6jyn_RLUKQ;re-move_favs;1.0;1.0;1.0;1.0;1.0
3584;3;01Kb94g3_Dg;KCBS5EtszYI;re-move_favs;2.0;1.0;1.0;1.0;1.0
3584;3;01Kb94g3_Dg;NR-H2uFCQls;mutual_unconfident;2.0;1.0;2.0;1.0;1.0
3584;3;01Kb94g3_Dg;We4QQCMwyrg;re-move_favs;1.0;1.0;1.0;1.0;1.0
3584;3;01Kb94g3_Dg;Y0may3fIO5Q;ditto_favs;0.0;2.0;1.0;1.0;1.0
3584;3;01Kb94g3_Dg;m8IbRIfcyIc;mutual_unconfident;1.0;1.0;2.0;1.0;1.0
3584;3;01Kb94g3_Dg;m9fWu0TJuaM;ditto_favs;1.0;2.0;0.0;2.0;2.0
3584;3;01Kb94g3_Dg;zoXLKgX0MgU;mutual_unconfident;2.0;1.0;1.0;1.0;1.0
3735;10;Yh1vRnp46zQ;H9tEvfIsDyo;re-move_favs;1.0;1.0;1.0;;
3735;10;Yh1vRnp46zQ;XP3DYae9ato;ditto_favs;1.0;2.0;2.0;;
3735;10;Yh1vRnp46zQ;YfUt_zEHSds;mutual_unconfident;1.0;1.0;1.0;;
3735;10;Yh1vRnp46zQ;kwEZRPkAAu8;mutual_unconfident;1.0;1.0;1.0;;
3735;10;Yh1vRnp46zQ;s1cvuLcCgWg;ditto_favs;1.0;2.0;2.0;;
3735;10;Yh1vRnp46zQ;sgeJgWg_72w;re-move_favs;1.0;2.0;2.0;;
3735;10;Yh1vRnp46zQ;tA7iy_-ZdkY;mutual_unconfident;1.0;2.0;1.0;;
3735;10;Yh1vRnp46zQ;whdtkmMk7gg;re-move_favs;1.0;1.0;1.0;;
3735;10;Yh1vRnp46zQ;xFgMHlYeG3Y;ditto_favs;1.0;2.0;2.0;;
3780;6;YEfJfkwl3Sw;-vn6QdqxK3g;mutual_unconfident;1.0;1.0;1.0;1.0;1.0
3780;6;YEfJfkwl3Sw;3dg9b3_Hals;re-move_favs;2.0;1.0;2.0;2.0;1.0
3780;6;YEfJfkwl3Sw;7I9-w_iqwYg;ditto_favs;2.0;1.0;2.0;2.0;1.0
3780;6;YEfJfkwl3Sw;KmIkJgHISMo;mutual_unconfident;1.0;1.0;1.0;1.0;1.0
3780;6;YEfJfkwl3Sw;TDe1DqxwJoc;re-move_favs;1.0;1.0;1.0;1.0;1.0
3780;6;YEfJfkwl3Sw;ZgalAdgEd-E;re-move_favs;1.0;1.0;1.0;1.0;1.0
3780;6;YEfJfkwl3Sw;_jfyEuVyTM4;mutual_unconfident;1.0;1.0;1.0;1.0;1.0
3780;6;YEfJfkwl3Sw;bg6eORshS_M;ditto_favs;2.0;2.0;2.0;2.0;1.0
3780;6;YEfJfkwl3Sw;wTLjssYFXBQ;ditto_favs;2.0;2.0;2.0;2.0;1.0
3792;11;QdcxG65szNU;A9fQPzZ1-hg;mutual_unconfident;0.0;0.0;0.0;0.0;0.0
3792;11;QdcxG65szNU;CjJgVHIdmqw;mutual_unconfident;2.0;2.0;1.0;2.0;1.0
3792;11;QdcxG65szNU;LyFfVc4ZTxk;ditto_favs;2.0;0.0;3.0;1.0;1.0
3792;11;QdcxG65szNU;WfmXJuurKH8;re-move_favs;0.0;1.0;0.0;1.0;0.0
3792;11;QdcxG65szNU;dkNfNR1WYMY;re-move_favs;1.0;2.0;2.0;1.0;2.0
3792;11;QdcxG65szNU;rOj9RJtkYH8;mutual_unconfident;1.0;2.0;2.0;1.0;2.0
3792;11;QdcxG65szNU;rdYmKFcrzvg;ditto_favs;2.0;0.0;3.0;2.0;3.0
3792;11;QdcxG65szNU;woca_kymxjM;ditto_favs;2.0;1.0;2.0;2.0;2.0
3792;11;QdcxG65szNU;z-11zoVnHSQ;re-move_favs;1.0;1.0;2.0;1.0;2.0
3828;0;qrO4YZeyl0I;0gDvR1sZ6I4;re-move_favs;1.0;1.0;1.0;1.0;1.0
3828;0;qrO4YZeyl0I;9aIBy-t2Lg8;re-move_favs;2.0;3.0;3.0;2.0;2.0
3828;0;qrO4YZeyl0I;HmrRv7uQaEQ;ditto_favs;2.0;2.0;2.0;0.0;0.0
3828;0;qrO4YZeyl0I;Shk2n-4YkCU;ditto_favs;1.0;2.0;2.0;0.0;2.0
3828;0;qrO4YZeyl0I;TxpqxIYfilA;re-move_favs;1.0;1.0;2.0;1.0;2.0
3828;0;qrO4YZeyl0I;mvxQYPR4lmU;mutual_unconfident;2.0;1.0;1.0;1.0;1.0
3828;0;qrO4YZeyl0I;niO9mfiF-oo;mutual_unconfident;2.0;1.0;1.0;1.0;1.0
3828;0;qrO4YZeyl0I;r5Z6uzczvjE;ditto_favs;0.0;2.0;2.0;0.0;0.0
3828;0;qrO4YZeyl0I;wCVukDiRsNs;mutual_unconfident;2.0;1.0;1.0;1.0;1.0
3909;0;4fndeDfaWCg;3-fe805xl1M;re-move_favs;2.0;2.0;3.0;1.0;0.0
3909;0;4fndeDfaWCg;4-UwCHCmfZ4;re-move_favs;2.0;2.0;3.0;1.0;1.0
3909;0;4fndeDfaWCg;4iWm-mUToDg;mutual_unconfident;1.0;1.0;1.0;1.0;1.0
3909;0;4fndeDfaWCg;J47YIH1XCGE;mutual_unconfident;0.0;0.0;1.0;0.0;0.0
3909;0;4fndeDfaWCg;T7gOHN9zw40;mutual_unconfident;3.0;1.0;1.0;1.0;2.0
3909;0;4fndeDfaWCg;XWhUeAy35qc;re-move_favs;2.0;2.0;3.0;1.0;1.0
3909;0;4fndeDfaWCg;jbvZGL-_thI;ditto_favs;0.0;0.0;0.0;1.0;0.0
3909;0;4fndeDfaWCg;lyFZPc-T5So;ditto_favs;1.0;2.0;2.0;1.0;2.0
3909;0;4fndeDfaWCg;vPv5eIObAKs;ditto_favs;1.0;2.0;2.0;1.0;1.0
3913;8;iqb2zGGvEsI;4ZSVbrV4-Xs;mutual_unconfident;1.0;1.0;2.0;1.0;1.0
3913;8;iqb2zGGvEsI;NlkXGul1FlM;re-move_favs;3.0;2.0;2.0;3.0;2.0
3913;8;iqb2zGGvEsI;SgoZUHO4uMc;ditto_favs;1.0;1.0;2.0;1.0;1.0
3913;8;iqb2zGGvEsI;YVlrhahj8G4;ditto_favs;2.0;2.0;1.0;1.0;1.0
3913;8;iqb2zGGvEsI;ZQP5ydSKf6c;re-move_favs;3.0;2.0;1.0;2.0;2.0
3913;8;iqb2zGGvEsI;hY73MQOpg-0;mutual_unconfident;1.0;1.0;1.0;1.0;1.0
3913;8;iqb2zGGvEsI;oIb9QUGjdIc;ditto_favs;2.0;1.0;2.0;2.0;1.0
3913;8;iqb2zGGvEsI;s3I8xKOzbqM;mutual_unconfident;1.0;1.0;1.0;1.0;1.0
3913;8;iqb2zGGvEsI;vjJ45pJ26rc;re-move_favs;3.0;2.0;3.0;3.0;2.0
3952;3;zLN3-j3WxFQ;-4zi1kri8FE;re-move_favs;2.0;3.0;2.0;2.0;3.0
3952;3;zLN3-j3WxFQ;8x7Ta89QLo4;mutual_unconfident;1.0;1.0;0.0;1.0;1.0
3952;3;zLN3-j3WxFQ;BV3FcAecXL0;ditto_favs;0.0;0.0;0.0;0.0;0.0
3952;3;zLN3-j3WxFQ;SpOqG0O3zyY;ditto_favs;0.0;0.0;0.0;0.0;0.0
3952;3;zLN3-j3WxFQ;dhZUsNJ-LQU;mutual_unconfident;1.0;1.0;0.0;0.0;1.0
3952;3;zLN3-j3WxFQ;f8Pq4XJpRWo;re-move_favs;1.0;1.0;2.0;1.0;1.0
3952;3;zLN3-j3WxFQ;iclPqjdW8YI;ditto_favs;1.0;1.0;1.0;1.0;1.0
3952;3;zLN3-j3WxFQ;k6UaM-AzANI;mutual_unconfident;1.0;3.0;2.0;1.0;2.0
3952;3;zLN3-j3WxFQ;n-mq0uJ7rlM;re-move_favs;0.0;0.0;0.0;1.0;0.0
3972;4;WN7mdpRUTsA;3hfOwaG2glA;mutual_unconfident;1.0;1.0;1.0;1.0;1.0
3972;4;WN7mdpRUTsA;4y33h81phKU;re-move_favs;1.0;1.0;1.0;1.0;1.0
3972;4;WN7mdpRUTsA;6-1eZZMeSB8;mutual_unconfident;1.0;1.0;1.0;1.0;1.0
3972;4;WN7mdpRUTsA;8KO_5JHxbCc;mutual_unconfident;1.0;1.0;1.0;1.0;1.0
3972;4;WN7mdpRUTsA;Lql0eS1X2oo;ditto_favs;0.0;0.0;0.0;0.0;0.0
3972;4;WN7mdpRUTsA;V6tWGAk65mc;re-move_favs;2.0;2.0;2.0;2.0;2.0
3972;4;WN7mdpRUTsA;_1jL8A20H_k;re-move_favs;1.0;1.0;1.0;2.0;1.0
3972;4;WN7mdpRUTsA;dEV0tL8H41g;ditto_favs;0.0;0.0;0.0;0.0;0.0
3972;4;WN7mdpRUTsA;osOJWO1Zwtw;ditto_favs;0.0;0.0;1.0;0.0;1.0
3990;4;EZIug6yKCr4;DVP5iAezxp0;re-move_favs;1.0;0.0;1.0;1.0;1.0
3990;4;EZIug6yKCr4;FcMpTeOR3_c;mutual_unconfident;2.0;1.0;1.0;1.0;1.0
3990;4;EZIug6yKCr4;HILPMnPXrzw;mutual_unconfident;1.0;1.0;1.0;1.0;1.0
3990;4;EZIug6yKCr4;IogEtFTO800;ditto_favs;1.0;1.0;1.0;1.0;1.0
3990;4;EZIug6yKCr4;SHLGpDOIhMs;ditto_favs;1.0;1.0;1.0;1.0;1.0
3990;4;EZIug6yKCr4;d3pekXRvw54;re-move_favs;1.0;1.0;1.0;1.0;3.0
3990;4;EZIug6yKCr4;pj_dy4oGr4E;re-move_favs;0.0;0.0;1.0;2.0;1.0
3990;4;EZIug6yKCr4;s7Qob5zr2Bk;mutual_unconfident;1.0;1.0;1.0;1.0;1.0
3990;4;EZIug6yKCr4;werYmxcT8_k;ditto_favs;2.0;1.0;1.0;2.0;1.0
4148;4;pPaDcTnXs6s;-lDuh9wKo-s;ditto_favs;1.0;2.0;2.0;2.0;
4148;4;pPaDcTnXs6s;HNa1dR-3IRo;ditto_favs;2.0;2.0;2.0;2.0;
4148;4;pPaDcTnXs6s;UmXHkL3xiMU;mutual_unconfident;2.0;1.0;1.0;2.0;
4148;4;pPaDcTnXs6s;Vc2sPdPyyrs;mutual_unconfident;1.0;1.0;1.0;0.0;
4148;4;pPaDcTnXs6s;afzmwAKUppU;re-move_favs;0.0;1.0;1.0;3.0;
4148;4;pPaDcTnXs6s;nScV1qu-MZQ;re-move_favs;2.0;1.0;1.0;3.0;
4148;4;pPaDcTnXs6s;o8hPQye8H4I;ditto_favs;1.0;2.0;2.0;0.0;
4148;4;pPaDcTnXs6s;ppcZi4JGqYg;re-move_favs;2.0;1.0;1.0;3.0;
4148;4;pPaDcTnXs6s;vgpcEYkj0hQ;mutual_unconfident;1.0;1.0;1.0;2.0;
4237;1;xzhNRwsebfE;KIvz5zYXCoI;mutual_unconfident;2.0;1.0;1.0;1.0;1.0
4237;1;xzhNRwsebfE;Q7EM8Vlz9-I;ditto_favs;1.0;1.0;1.0;1.0;1.0
4237;1;xzhNRwsebfE;VPJBEO5b6y0;ditto_favs;2.0;1.0;1.0;1.0;1.0
4237;1;xzhNRwsebfE;VlTGRnU6h4w;ditto_favs;0.0;0.0;0.0;0.0;0.0
4237;1;xzhNRwsebfE;_USoCzMd23Q;re-move_favs;1.0;1.0;1.0;1.0;1.0
4237;1;xzhNRwsebfE;bGbYWufqPyY;re-move_favs;2.0;1.0;1.0;1.0;2.0
4237;1;xzhNRwsebfE;dzJfu2wX0Ck;re-move_favs;1.0;1.0;1.0;1.0;2.0
4237;1;xzhNRwsebfE;psT_XFDTjHs;mutual_unconfident;1.0;2.0;1.0;1.0;1.0
4237;1;xzhNRwsebfE;v4lmrepq6QA;mutual_unconfident;1.0;1.0;1.0;1.0;1.0
4478;7;W68CZUT6FaE;CbHeVxjergo;mutual_unconfident;1.0;1.0;0.0;1.0;
4478;7;W68CZUT6FaE;K7UGaydx7NI;re-move_favs;1.0;1.0;1.0;1.0;
4478;7;W68CZUT6FaE;P1O3OlRzphE;re-move_favs;3.0;3.0;3.0;3.0;
4478;7;W68CZUT6FaE;SSnw1JaL2uA;mutual_unconfident;1.0;1.0;0.0;1.0;
4478;7;W68CZUT6FaE;TD9NMeYtADg;mutual_unconfident;1.0;0.0;1.0;1.0;
4478;7;W68CZUT6FaE;Xa6kiUj5fM0;ditto_favs;0.0;0.0;0.0;0.0;
4478;7;W68CZUT6FaE;dt7jfAe-DxY;ditto_favs;2.0;0.0;1.0;2.0;
4478;7;W68CZUT6FaE;e4VBEG17U0E;ditto_favs;0.0;0.0;0.0;0.0;
4478;7;W68CZUT6FaE;nMIHEWGnpkk;re-move_favs;2.0;2.0;1.0;2.0;
4504;18;HreJxxfzrMw;13oXf68zRcM;re-move_favs;1.0;1.0;1.0;1.0;
4504;18;HreJxxfzrMw;3_TvpBwSZDM;ditto_favs;1.0;1.0;2.0;1.0;
4504;18;HreJxxfzrMw;OYYviOqGoJs;mutual_unconfident;1.0;1.0;1.0;1.0;
4504;18;HreJxxfzrMw;Q3Bp1QVVieM;mutual_unconfident;1.0;1.0;1.0;1.0;
4504;18;HreJxxfzrMw;_ywtW9MXRPA;mutual_unconfident;1.0;1.0;1.0;1.0;
4504;18;HreJxxfzrMw;ak0RnS-T5GQ;ditto_favs;0.0;0.0;1.0;2.0;
4504;18;HreJxxfzrMw;e2FkJ2cE4i4;ditto_favs;0.0;0.0;2.0;2.0;
4504;18;HreJxxfzrMw;snILjFUkk_A;re-move_favs;1.0;1.0;1.0;1.0;
4504;18;HreJxxfzrMw;wLm4PwYuF8I;re-move_favs;1.0;1.0;1.0;1.0;
4806;4;xMORbXArOc4;C9V7QNXaftI;ditto_favs;1.0;2.0;2.0;2.0;
4806;4;xMORbXArOc4;DhaYYi-Vtt4;re-move_favs;1.0;3.0;3.0;1.0;
4806;4;xMORbXArOc4;H_yju_BPzQg;re-move_favs;1.0;1.0;1.0;1.0;
4806;4;xMORbXArOc4;P_lXJfdzEPY;ditto_favs;1.0;1.0;1.0;1.0;
4806;4;xMORbXArOc4;Q1vjzX0EoOI;mutual_unconfident;1.0;0.0;1.0;0.0;
4806;4;xMORbXArOc4;WmsxcAioNn8;mutual_unconfident;1.0;0.0;1.0;0.0;
4806;4;xMORbXArOc4;Ym0z62J-JZE;ditto_favs;1.0;1.0;2.0;1.0;
4806;4;xMORbXArOc4;dmcNbsLCpBQ;re-move_favs;1.0;1.0;1.0;1.0;
4806;4;xMORbXArOc4;sEGPZBkziio;mutual_unconfident;1.0;1.0;1.0;1.0;
4844;0;roqqACI1ABY;7WDOGRKic1c;re-move_favs;2.0;2.0;1.0;2.0;2.0
4844;0;roqqACI1ABY;Bp6z4LOu49s;mutual_unconfident;1.0;1.0;1.0;1.0;2.0
4844;0;roqqACI1ABY;EyN5Nsyyf2c;ditto_favs;0.0;0.0;0.0;1.0;0.0
4844;0;roqqACI1ABY;M54QlTPgwzU;re-move_favs;2.0;2.0;1.0;0.0;2.0
4844;0;roqqACI1ABY;Vjf-esIdxWc;mutual_unconfident;2.0;2.0;1.0;1.0;2.0
4844;0;roqqACI1ABY;WpXbLckHTaQ;ditto_favs;0.0;0.0;0.0;3.0;0.0
4844;0;roqqACI1ABY;lZaTGPjaoE4;re-move_favs;1.0;1.0;1.0;1.0;2.0
4844;0;roqqACI1ABY;rI1RVub4wZw;ditto_favs;0.0;0.0;0.0;0.0;0.0
4844;0;roqqACI1ABY;xgP7eOoPAEU;mutual_unconfident;2.0;2.0;1.0;2.0;2.0
4931;11;E5sVhFnrlTw;1oAb4LqUvas;re-move_favs;2.0;1.0;2.0;2.0;
4931;11;E5sVhFnrlTw;4NS9twZ2-n8;ditto_favs;2.0;2.0;2.0;2.0;
4931;11;E5sVhFnrlTw;DmkCTTM-4J4;mutual_unconfident;1.0;2.0;1.0;1.0;
4931;11;E5sVhFnrlTw;NSjOplY8GCw;ditto_favs;0.0;1.0;0.0;1.0;
4931;11;E5sVhFnrlTw;Wh8Bgp7bO3I;re-move_favs;2.0;1.0;2.0;2.0;
4931;11;E5sVhFnrlTw;YwnOSpg__84;mutual_unconfident;1.0;1.0;1.0;1.0;
4931;11;E5sVhFnrlTw;ZFWC4SiZBao;re-move_favs;1.0;1.0;1.0;1.0;
4931;11;E5sVhFnrlTw;mvqWiR8xYzc;ditto_favs;0.0;1.0;0.0;1.0;
4931;11;E5sVhFnrlTw;p4zbS8pciTU;mutual_unconfident;2.0;1.0;1.0;1.0;
4951;4;yHXx3eh5FRA;3ExWsVFJlFo;mutual_unconfident;1.0;1.0;1.0;1.0;
4951;4;yHXx3eh5FRA;6W5pq4bIzIw;re-move_favs;1.0;1.0;1.0;3.0;
4951;4;yHXx3eh5FRA;T8kOzzfnpP4;ditto_favs;2.0;1.0;2.0;2.0;
4951;4;yHXx3eh5FRA;_eGcCdXNAtI;ditto_favs;2.0;1.0;2.0;3.0;
4951;4;yHXx3eh5FRA;msBJgkxKRlM;mutual_unconfident;1.0;1.0;1.0;1.0;
4951;4;yHXx3eh5FRA;oJdktl3kWK8;re-move_favs;3.0;1.0;0.0;0.0;
4951;4;yHXx3eh5FRA;pxAamoB0c0A;ditto_favs;2.0;1.0;2.0;2.0;
4951;4;yHXx3eh5FRA;ww6ykF2ktaI;mutual_unconfident;1.0;1.0;2.0;1.0;
4951;4;yHXx3eh5FRA;yDT4YNM7vSU;re-move_favs;3.0;1.0;1.0;1.0;
4998;5;VP87KQOxOFc;-3ySQsCWkzY;re-move_favs;1.0;1.0;1.0;1.0;1.0
4998;5;VP87KQOxOFc;647Vrn5_oSY;re-move_favs;1.0;2.0;2.0;3.0;2.0
4998;5;VP87KQOxOFc;A3rWtrxknkw;re-move_favs;1.0;2.0;2.0;3.0;2.0
4998;5;VP87KQOxOFc;ARLNlTJyk3I;ditto_favs;1.0;2.0;1.0;1.0;1.0
4998;5;VP87KQOxOFc;Ul0uJfhywW8;mutual_unconfident;1.0;1.0;1.0;1.0;2.0
4998;5;VP87KQOxOFc;_JFfvSQrNIg;mutual_unconfident;1.0;1.0;1.0;1.0;1.0
4998;5;VP87KQOxOFc;gdLlKodowTk;ditto_favs;0.0;1.0;1.0;1.0;0.0
4998;5;VP87KQOxOFc;jLy-4eyFs6Q;mutual_unconfident;1.0;1.0;1.0;3.0;2.0
4998;5;VP87KQOxOFc;mP5c4j6iwJ4;ditto_favs;1.0;2.0;1.0;1.0;1.0
5159;6;ycrhIpd4ZWU;1ax3fKHo9Wg;ditto_favs;1.0;1.0;1.0;2.0;2.0
5159;6;ycrhIpd4ZWU;3xH7uJoEP4I;mutual_unconfident;1.0;0.0;1.0;1.0;1.0
5159;6;ycrhIpd4ZWU;7aOoO5tfWAg;re-move_favs;1.0;1.0;1.0;1.0;1.0
5159;6;ycrhIpd4ZWU;EFuBvEt84OI;re-move_favs;0.0;1.0;0.0;2.0;2.0
5159;6;ycrhIpd4ZWU;EoL6XWLL7q8;mutual_unconfident;1.0;1.0;1.0;1.0;1.0
5159;6;ycrhIpd4ZWU;ZJL4UGSbeFg;re-move_favs;1.0;1.0;1.0;1.0;1.0
5159;6;ycrhIpd4ZWU;aZ50q8On1fE;ditto_favs;0.0;0.0;0.0;0.0;0.0
5159;6;ycrhIpd4ZWU;vc-GlOqxddk;mutual_unconfident;1.0;1.0;1.0;1.0;1.0
5159;6;ycrhIpd4ZWU;ycV3YEcK5kw;ditto_favs;1.0;1.0;2.0;1.0;1.0
5326;2;-4wkVoCFm8U;1Mt3d5_g03I;ditto_favs;1.0;1.0;1.0;2.0;1.0
5326;2;-4wkVoCFm8U;3qnZYaw3NoA;ditto_favs;1.0;0.0;0.0;0.0;0.0
5326;2;-4wkVoCFm8U;5ula1NjaHUA;re-move_favs;2.0;1.0;1.0;1.0;1.0
5326;2;-4wkVoCFm8U;KI85lysEti0;ditto_favs;0.0;1.0;2.0;1.0;1.0
5326;2;-4wkVoCFm8U;LR-T2qTLF6o;re-move_favs;2.0;1.0;2.0;1.0;1.0
5326;2;-4wkVoCFm8U;UmiPKWhq_c4;mutual_unconfident;0.0;1.0;1.0;1.0;1.0
5326;2;-4wkVoCFm8U;j6zzIybxtk8;re-move_favs;3.0;1.0;1.0;1.0;1.0
5326;2;-4wkVoCFm8U;rH9aPGkvqYA;mutual_unconfident;1.0;1.0;1.0;1.0;1.0
5326;2;-4wkVoCFm8U;uIBFkC_Pr_Q;mutual_unconfident;2.0;1.0;1.0;1.0;1.0
5395;10;QdUDFkuUrN8;-4ih07RbffE;mutual_unconfident;2.0;1.0;1.0;1.0;1.0
5395;10;QdUDFkuUrN8;-lEgNyJQ2is;ditto_favs;3.0;1.0;1.0;1.0;1.0
5395;10;QdUDFkuUrN8;0JtduZyMKaY;re-move_favs;2.0;2.0;1.0;2.0;2.0
5395;10;QdUDFkuUrN8;XizJ6qB90Hs;re-move_favs;2.0;1.0;0.0;1.0;0.0
5395;10;QdUDFkuUrN8;_OFMkCeP6ok;mutual_unconfident;3.0;1.0;1.0;1.0;1.0
5395;10;QdUDFkuUrN8;b2gtJmH3-vI;ditto_favs;2.0;1.0;1.0;1.0;1.0
5395;10;QdUDFkuUrN8;qAldFijtg2Y;ditto_favs;2.0;1.0;1.0;1.0;1.0
5395;10;QdUDFkuUrN8;uHXmnck5g0I;mutual_unconfident;2.0;1.0;1.0;1.0;1.0
5395;10;QdUDFkuUrN8;vMDL3U798CM;re-move_favs;2.0;2.0;2.0;2.0;2.0
