set_id;ver_id;reference_yt_id;candidate_yt_id;label_staff1;nlabel_staff1;label_staff2;nlabel_staff2
1280;34;-I5TNfYtUw0;5QL6ysvb8bE;Other;1.0;Other;1.0
157;115;-Qhw2XpKR-A;YSNCOUUCcg0;No Music;0.0;Other;1.0
348;28;-nzna-QPmqM;dURRuyIJap0;Version;2.0;Other;1.0
3220;7;04po7YBBCvw;lvx1mwOcSrI;Version;2.0;Version;2.0
96;7;0IagRZBvLtw;X15PsqN0DHc;Other;1.0;Other;1.0
96;7;0IagRZBvLtw;YCEz0NWKFBg;Version;2.0;Version;2.0
1332;13;0VfN6UmQlfI;BgwO54UoqKE;Version;2.0;Version;2.0
1332;13;0VfN6UmQlfI;WDSOecmbUwA;Version;2.0;Version;2.0
487;41;0XbogWA-riU;M1JM-wSLSP0;Other;1.0;Other;1.0
487;41;0XbogWA-riU;Msx0KR0FQhc;Version;2.0;Other;1.0
1035;38;0olQRvcuLgA;3H3yuiGynYE;Other;1.0;Other;1.0
1035;38;0olQRvcuLgA;K7oNGXq8Ojg;Version;2.0;Version;2.0
1680;0;129kuDCQtHs;CM0E2BOEBQI;Version;2.0;Version;2.0
1680;0;129kuDCQtHs;q2zm3cfsGYw;Version;2.0;Version;2.0
667;17;1DBewzgXgYk;herhzqLBwdY;Other;1.0;Version;2.0
3147;7;1Jvrjd8DI-c;JhIsSaeLIlM;Version;2.0;Version;2.0
3147;7;1Jvrjd8DI-c;a37xm8_ZAB8;Version;2.0;Version;2.0
214;60;1WLU_tlIwVY;pY43U1NhvMU;Version;2.0;Version;2.0
2215;6;1kXWmJLC3go;O3n7YS5-pN4;Other;1.0;Other;1.0
2215;6;1kXWmJLC3go;YSu5VyQh0ew;No Music;0.0;Other;1.0
2215;6;1kXWmJLC3go;e_bdzW1JQC4;Version;2.0;Version;2.0
526;18;1lk-uTURSEc;uRaWvH9jjfw;No Music;0.0;No Music;0.0
922;6;1njqleVTIds;tmP6ubSu-7w;Version;2.0;Version;2.0
624;35;1s1Sc_FeE4s;2K86n2EY40s;No Music;0.0;No Music;0.0
624;35;1s1Sc_FeE4s;I8xcR6wYuxE;Version;2.0;Version;2.0
624;35;1s1Sc_FeE4s;Swh5UWZu3Qs;No Music;0.0;No Music;0.0
96;33;1s_5oZqqVQk;02IVyYYb14s;Version;2.0;Version;2.0
96;33;1s_5oZqqVQk;86jeSodhfXw;Other;1.0;Other;1.0
1211;9;1tsw3nKDlBE;_p8zAwEmR68;Version;2.0;Version;2.0
1944;0;1w7OgIMMRc4;VpETnTAhqgM;Version;2.0;Version;2.0
484;4;1yJajJ_B5R4;qvTBpcmaXVM;Other;1.0;Other;1.0
724;17;23aMR3FUYtA;i3hD3loYVUk;Version;2.0;Version;2.0
724;17;23aMR3FUYtA;xuXAnHesOws;Version;2.0;Version;2.0
724;17;23aMR3FUYtA;zfwd6Lp4Acc;Version;2.0;Version;2.0
4148;0;2vjPBrBU-TM;aC3D08SPAyk;Version;2.0;Version;2.0
4951;6;2wmmKgB8NFE;1rNss8dn9HE;Other;1.0;Other;1.0
4951;6;2wmmKgB8NFE;oPQ3o14ksaM;Other;1.0;Other;1.0
4504;10;3MteSlpxCpo;J80fGitVRkE;Version;2.0;Other;1.0
3913;9;3Q0T-k-_r9I;3KyguyA9Gp0;Version;2.0;Version;2.0
3913;9;3Q0T-k-_r9I;TQ_P6gyXLqI;Version;2.0;Version;2.0
4237;5;3WYscVe0mcY;16AALogeLvw;Version;2.0;Version;2.0
1474;8;3j8mr-gcgoI;yjsf4Z5I5CQ;Other;1.0;Other;1.0
629;17;3uRFYBeUck8;GiiKPvZ8fLc;Other;1.0;Other;1.0
3436;0;4bAgETAkWm4;MwpMEbgC7DA;Other;1.0;Other;1.0
3436;0;4bAgETAkWm4;Py2f38iPBeI;Other;1.0;Other;1.0
3436;0;4bAgETAkWm4;WDZJPJV__bQ;Other;1.0;Other;1.0
3436;0;4bAgETAkWm4;iaeSKT2SOns;Other;1.0;Other;1.0
3100;14;4bcatxnIo2Y;j3S0pgKogkY;Other;1.0;Other;1.0
3100;14;4bcatxnIo2Y;wTek-2-gXzU;Other;1.0;Other;1.0
3909;0;4fndeDfaWCg;P20_jA4hUrM;Version;2.0;Version;2.0
3005;11;4hrm5r7_RWk;u4MBgaNoL2A;Other;1.0;Other;1.0
3100;5;4tDslyvh3g4;Csq_92WDqS0;Other;1.0;Other;1.0
3100;5;4tDslyvh3g4;ajMjl_OgJms;Version;2.0;Other;1.0
214;41;55XIdavZxCQ;fdCdzg25vtA;No Music;0.0;No Music;0.0
4504;0;5NV6Rdv1a3I;0Gkhol2Q1og;Other;1.0;Other;1.0
1035;14;5S8n1Xr_TjQ;KcljB2BSLaQ;Other;1.0;Other;1.0
2447;18;5TgzcdWt-vE;HuuP-7U9RHQ;Version;2.0;Version;2.0
2447;18;5TgzcdWt-vE;iL7q59Pzooc;Version;2.0;Version;2.0
1944;11;5hWILgE0ADs;A285EdYJASM;Version;2.0;Version;2.0
1521;29;5jlI4uzZGjU;EmoZko8PdrE;Other;1.0;Other;1.0
1521;29;5jlI4uzZGjU;TrKusiBJtyA;Other;1.0;Other;1.0
3828;8;5yEBs3IcOac;CqmViVLQ0jA;Version;2.0;Version;2.0
3828;8;5yEBs3IcOac;RAtb4uJqGA4;Version;2.0;Version;2.0
794;4;6IKC8gEO0mw;GUcEGHagpeM;Version;2.0;Version;2.0
1211;29;6XMcFq4DGao;d33x1HyJZ10;Version;2.0;Version;2.0
1944;10;6dqVDQ-lF4Q;zsOUjLQCv6M;Version;2.0;Version;2.0
1035;6;6pHNkOQCIzk;FdaRXHmIuEU;Other;1.0;Other;1.0
667;11;6qXxOSYZi7U;KajCpahZdHg;Version;2.0;Version;2.0
4806;2;73CnOYhBNyQ;y6MUuIKwko8;Other;1.0;Other;1.0
2195;3;78qEBIKXJqQ;OjW0uhXFl2E;Version;2.0;Version;2.0
2195;3;78qEBIKXJqQ;g3ByYONGnVo;Version;2.0;Version;2.0
2195;3;78qEBIKXJqQ;oApDhEIj3bc;Version;2.0;Version;2.0
2195;3;78qEBIKXJqQ;rU_Yu8vkDkM;No Music;0.0;Version;2.0
1333;18;7KzkCqi94Gs;I_SikvQWgQ4;Version;2.0;Version;2.0
624;34;7R7kPZF8wRA;K6m8m_tKdTg;Version;2.0;Version;2.0
3735;0;7RfGe6MvY84;67_Kl6uthKw;Match;3.0;Version;2.0
3735;0;7RfGe6MvY84;ZQPuNBJtIpg;Version;2.0;Version;2.0
3735;8;7_zjediznS0;XBIYD3h1olY;Other;1.0;Other;1.0
21;152;7lV6GVESBew;2dMGyB5kGyU;Other;1.0;Other;1.0
3792;10;7pCu8r1Vzrc;S585EJBLC8Y;Version;2.0;Version;2.0
3147;12;8NZBljRfXjU;5idrcxLYnTk;Version;2.0;Version;2.0
1393;0;8o2MGRsatwQ;4QRSAA6w3Wo;Other;1.0;Other;1.0
4931;15;8pQBjaqTJA4;IL71S-j-u48;Other;1.0;No Music;0.0
4148;11;8wBuEpZZKa0;Tpd6C4NhYuc;Version;2.0;Version;2.0
1385;0;9-n3Ydy7ras;Ce6Ie_CqjqQ;Version;2.0;Version;2.0
624;8;93Ys_oCGqUA;OrUILgdhw_k;Version;2.0;Version;2.0
624;8;93Ys_oCGqUA;iYaqMVZudmE;Version;2.0;Version;2.0
2215;2;98oOqXT1-yA;2rPW3Rayj5Q;Version;2.0;Version;2.0
2215;2;98oOqXT1-yA;e12KryuLcbs;Other;1.0;Other;1.0
2215;2;98oOqXT1-yA;nbaiW61DRUY;Match;3.0;Version;2.0
3584;2;9D0m0SIy0SE;9Y1LAYQz4EQ;Version;2.0;Version;2.0
2487;5;9EB5a_08fpc;s8uhvZOU6r0;Other;1.0;Other;1.0
2487;5;9EB5a_08fpc;xW20JhZI2Mw;Version;2.0;Version;2.0
487;0;9HglphdXqMg;WpVeWzweVI0;Version;2.0;Other;1.0
3909;14;9RTklYOj6Hk;2UemoquI4pM;Version;2.0;Version;2.0
487;15;9cHHEnJWui8;04_jO38lp_g;Version;2.0;Version;2.0
1035;30;9hSKBxHhS5E;Ik-rBFYIkRw;Other;1.0;Other;1.0
1919;0;9mSFq_CYzR0;DHC8-y32qm8;No Music;0.0;No Music;0.0
724;36;9nPZE2DCZpY;5xQwTdwsQts;Other;1.0;Other;1.0
4504;20;9vmrPrYJPqI;BzXKn6SKZIQ;Version;2.0;Version;2.0
4504;20;9vmrPrYJPqI;GHlcX-nfD40;Version;2.0;Version;2.0
794;3;A8PcmOC07nw;Dity79CbT4Y;Version;2.0;Version;2.0
3147;1;A8qp9YtWCK8;GIFg699E3gg;Other;1.0;Other;1.0
724;6;A_fdMTa4ksA;GaV4YGDBDNI;Other;1.0;Other;1.0
3436;4;BTruv-lVoLk;62-iVogg5jA;Other;1.0;Other;1.0
4504;8;Bf8Tda6rmi4;_Plt1t_pWaE;Version;2.0;Match;3.0
4504;8;Bf8Tda6rmi4;yDQk4A9YaiE;Version;2.0;Version;2.0
1520;2;BvA_3t0sbIY;W3KUJlCQzFs;Version;2.0;Version;2.0
2156;7;CKLGzAce3bQ;68miNBwvl3o;Version;2.0;Version;2.0
2156;7;CKLGzAce3bQ;_dGMaHEuimM;Version;2.0;Version;2.0
1205;45;CVeD-xwJh-k;6AmGhV071rs;Version;2.0;Version;2.0
4237;9;CfHIAiqio4M;TKES6JzfMxY;Version;2.0;Version;2.0
4237;9;CfHIAiqio4M;pWCEmF8b_2U;Version;2.0;Version;2.0
2215;3;CgbT1u_DeTU;Br591mu7P_4;Other;1.0;Other;1.0
2215;3;CgbT1u_DeTU;m-Ln-ERef8E;Other;1.0;Other;1.0
794;37;CvxCbCvotpc;J0ll_stAEpc;Other;1.0;Other;1.0
2273;16;DYxWF-A2zq4;8w2bbZcqx-k;Version;2.0;Version;2.0
58;5;Di5wQ0UwOKM;yT9Fk4ORXnQ;Version;2.0;Version;2.0
1928;23;Dle5XEVmwCk;dEmBe5s5QFA;No Music;0.0;No Music;0.0
1397;4;Ds6pqwk07CI;d_pOCnOgjaY;Version;2.0;Version;2.0
3558;7;E9XQ2MdNgKY;_Q61WVPvnyk;Other;1.0;Other;1.0
3558;7;E9XQ2MdNgKY;xz-4jcHJei8;Other;1.0;Other;1.0
629;18;EBxk1Oq_ysE;NUNJHIS_NR0;Version;2.0;Match;3.0
3005;8;ED5sAFcHTSY;Q7VK0WwAoXQ;Other;1.0;Other;1.0
3016;7;EhtS3610D-M;9JQI9hhA4VQ;Other;1.0;Other;1.0
3016;7;EhtS3610D-M;qSsW5TzYTjU;No Music;0.0;Other;1.0
3218;12;EkAF3Gr4fqI;d34gf-cqaww;Other;1.0;Version;2.0
3521;7;EssN9RBsWnA;Jj-LQpwSqCg;Version;2.0;Version;2.0
724;35;EvDKTDL0qm4;5GL9JoH4Sws;Other;1.0;Other;1.0
724;35;EvDKTDL0qm4;7skQvj-aBV8;Other;1.0;Other;1.0
724;35;EvDKTDL0qm4;Y_V6y1ZCg_8;Other;1.0;Other;1.0
4148;25;FKdFrE4vjuo;2qkqWzIH1Sc;Version;2.0;Version;2.0
4148;25;FKdFrE4vjuo;ncZLvIu-tSM;Other;1.0;Other;1.0
1074;6;FWQRDI7mTyw;95Aj4LGIv_I;Version;2.0;Version;2.0
369;34;FZNUVBXAj6U;CdWKg5ffX3k;Version;2.0;Version;2.0
1004;42;FklUAoZ6KxY;m72lm8D7OzY;Version;2.0;Version;2.0
667;40;FvfBlCUyDx8;TzisUkjCd2g;Other;1.0;Other;1.0
3100;11;FxwWAJEempQ;cUXHDLtiVHM;Other;1.0;Other;1.0
3436;13;GDABME6ts-I;ScdOz7LpnAA;No Music;0.0;No Music;0.0
4504;19;GEzBuvHZAKM;-6CB9hb3XTk;Other;1.0;Other;1.0
3735;2;GJ_2KXRhtWI;M8AtyaxgtOU;Other;1.0;Other;1.0
1521;16;GJuwdcQlT1g;mTDNqW8rDxk;Version;2.0;Version;2.0
1009;35;GVVskiLf5ug;oYaimYLSX3I;Version;2.0;Version;2.0
157;22;GoUKdLQ91Zc;711XEumlcXs;Version;2.0;Version;2.0
157;22;GoUKdLQ91Zc;kA4T9_C60jg;No Music;0.0;No Music;0.0
484;25;GpI4czGRAf8;3jIQoLWDScE;Version;2.0;Version;2.0
350;0;Gpqz3cdVPLM;R3uvN4Ol7S4;Version;2.0;Version;2.0
3436;3;GpuxK_XZdwg;uVeIg73Re0c;Version;2.0;Version;2.0
526;0;H-kA3UtBj4M;L0P7u5SQiVs;No Music;0.0;No Music;0.0
2286;6;H1b7e_1Jbn8;7h2rtTT1EQY;Version;2.0;Version;2.0
1205;3;H1j7IX5epMk;1Csbp5xEfSk;Version;2.0;Version;2.0
214;59;HDeTEMNLcmc;bfCXa9pdHwE;Version;2.0;Version;2.0
21;58;Hc-V4NTOn5s;L-0Srcqlydg;Other;1.0;Other;1.0
897;0;I3Ay4-zGlB0;6RP3HNWxbuM;Version;2.0;Version;2.0
897;0;I3Ay4-zGlB0;83Xt2ZFPGH0;Version;2.0;Version;2.0
3792;8;IDJgwUeW7_k;Jld0cjcUtPc;Version;2.0;Version;2.0
3792;8;IDJgwUeW7_k;s38RqG6M3eY;Version;2.0;Version;2.0
3218;6;IR_JTuxCDzg;wu3QTuZL5ms;Version;2.0;Version;2.0
1035;3;IvchOyAuFkk;5SO_y-jDR2U;Other;1.0;No Music;0.0
1297;1;J8eBB8DLYDo;cQm3r6bf_mE;Other;1.0;Other;1.0
2215;13;JBWQqWxTNQk;Wo-liSzLDo0;Other;1.0;Other;1.0
526;28;JEp7QrOBxyQ;9DH97BfinoU;Other;1.0;Other;1.0
1332;3;JEzgW-6RrJ8;NaH1_m33JE0;Version;2.0;Version;2.0
1332;3;JEzgW-6RrJ8;o6XxShe5r4Y;Version;2.0;Version;2.0
3220;4;JcFfzz-y7k8;8dSYFb3TAgo;Other;1.0;Other;1.0
3220;4;JcFfzz-y7k8;LHj_WC_IzFc;Other;1.0;Other;1.0
3220;4;JcFfzz-y7k8;UcqsyBLgxeY;No Music;0.0;No Music;0.0
1009;33;Jl6oJTB4TpA;8UsbhZPGfGk;Version;2.0;Version;2.0
1009;33;Jl6oJTB4TpA;_7Anu_d0Imw;Version;2.0;Version;2.0
3780;7;JmENgrVOwgA;j9PounZ3pQM;Version;2.0;Version;2.0
157;66;JxRHGMi7MnQ;nDtoZ8M3Q50;Version;2.0;Version;2.0
3913;7;Jz3hXvj7HGA;goao0EplxGE;Version;2.0;Version;2.0
484;39;K05lkpoj1FE;ulsAXrcGBBk;Version;2.0;Version;2.0
157;80;K1ZJgKhdZ9U;PS9zjqBbKqw;No Music;0.0;No Music;0.0
157;80;K1ZJgKhdZ9U;_-bIgsou0y0;Other;1.0;Other;1.0
157;80;K1ZJgKhdZ9U;iW2FUY3N-n0;Other;1.0;Other;1.0
157;80;K1ZJgKhdZ9U;oVGRTQDqhs8;Other;1.0;Other;1.0
1474;28;K6mMmGIs53I;JfZzhmGTTms;Other;1.0;Other;1.0
81;45;K8OnxLxfOXs;UIEBqsT4B94;Version;2.0;Version;2.0
3005;18;KcPIADinmiA;AZSsdLdJ8gg;Other;1.0;Version;2.0
3005;18;KcPIADinmiA;Bca0w3MgVuM;Other;1.0;Other;1.0
3005;18;KcPIADinmiA;_n-IHT9PTbE;Version;2.0;Version;2.0
3005;18;KcPIADinmiA;xBzCB5Gxdn8;Other;1.0;Other;1.0
4806;9;KjE04XWfmj0;hekd4_WLUxI;Version;2.0;Version;2.0
3100;17;KlRL9uPQNUE;hj-iP76G8Xk;No Music;0.0;Other;1.0
629;20;L3hgWdYEA4I;OXB0m3uy24I;Version;2.0;Version;2.0
629;20;L3hgWdYEA4I;Xq5JFWyEqcc;Version;2.0;Version;2.0
3828;9;LDJq1zC-rHE;2E8qUBDtreM;Version;2.0;Version;2.0
3828;9;LDJq1zC-rHE;tMTlJSbYzXM;Version;2.0;Version;2.0
81;87;LG1EnoR3LB0;OAt-2q3XcCA;Version;2.0;Version;2.0
350;43;LJ_MCYDh07s;pMjRTnCUEk4;Version;2.0;Version;2.0
369;41;LLO2wwPSk8A;LLO2wwPSk8A;Match;3.0;Match;3.0
3005;2;LQM4XQuLOgg;1vrEljMfXYo;Other;1.0;Other;1.0
3005;2;LQM4XQuLOgg;yivLt9cTaio;Other;1.0;Other;1.0
487;12;Ls0fHzrjP14;txwRtBeDm0s;Match;3.0;Match;3.0
3828;10;M8PAuvxCZuM;9K6FJVYA14g;Version;2.0;Version;2.0
2917;9;MNU4pHTina8;BoC_lZABig8;No Music;0.0;No Music;0.0
2917;9;MNU4pHTina8;ZUg9ZAUhbFU;Version;2.0;Version;2.0
484;32;MODjzr1jG2U;ZM7hp8zVlMk;Other;1.0;Other;1.0
1385;1;MRsDEuV9sS4;VAIlpmgQlJc;Version;2.0;Version;2.0
369;0;Mb3iPP-tHdA;cHg0iv4I62E;Match;3.0;Match;3.0
369;0;Mb3iPP-tHdA;eR7oyiBnfFY;Version;2.0;Version;2.0
63;2;OHie_ZBRBtk;FTPctpmzOIY;Version;2.0;Other;1.0
63;2;OHie_ZBRBtk;iRMjEYlK4PU;Other;1.0;Version;2.0
484;30;OsY-GQfH0mA;J-vMbvL6yAc;Version;2.0;Version;2.0
3735;6;P4SvuMCe4eo;pWmSpjvbux4;Version;2.0;Version;2.0
4931;7;P6qFCqOy3HU;LyfyPX6DdeE;Version;2.0;Version;2.0
3005;3;P_95DOmt9Bc;BilaShsQphM;Other;1.0;Other;1.0
1211;5;PeYiWN-fF9w;_IvxrcAmYtw;Version;2.0;Version;2.0
3828;20;PgupfwUeXYY;EdGy_znRXzs;Version;2.0;Version;2.0
3828;20;PgupfwUeXYY;aU_bj9SxvdU;Other;1.0;Other;1.0
3828;20;PgupfwUeXYY;tCl2OJklePc;Version;2.0;Version;2.0
369;11;PrPyUsqNKgw;X7tMBqz-dNc;Version;2.0;Version;2.0
1241;25;QB0gC7W2sNY;yxs94zfs7xI;Other;1.0;Other;1.0
3016;1;QE91rEmsTeU;QAnd6ae3bYc;Version;2.0;Other;1.0
3016;1;QE91rEmsTeU;VKhgnETtVxM;Version;2.0;Version;2.0
2487;29;QKPGbEeuywc;JlLx0Jy2hIA;Other;1.0;Other;1.0
2487;29;QKPGbEeuywc;tw-zI9uxge4;Version;2.0;Version;2.0
5395;10;QdUDFkuUrN8;32N06CFRzAI;Version;2.0;Version;2.0
3558;4;QgD5p1XiVT0;qGuLqe-NMKg;Other;1.0;Other;1.0
3558;4;QgD5p1XiVT0;s0B2O9t2lSM;Version;2.0;Version;2.0
3100;0;QoJP65nAMGA;gzCpqczpt8U;Other;1.0;Other;1.0
4931;1;QrDLk9mdVfs;1UIikrMkVRs;Version;2.0;Version;2.0
4931;1;QrDLk9mdVfs;DoZ5xrns2W8;Version;2.0;Version;2.0
4931;1;QrDLk9mdVfs;ScDIkNcqZjE;Other;1.0;Other;1.0
724;0;Qyclqo_AV2M;RUi54JTgL5s;Other;1.0;Other;1.0
2666;1;R7tZbI_ITus;EPo5wWmKEaI;Other;1.0;Other;1.0
2629;19;R8ksBmDTljI;8nxSreVXN-c;No Music;0.0;No Music;0.0
96;18;RKLLW4Sl0JY;0DI3f-aVgx4;Version;2.0;Version;2.0
1035;23;RNIhWE1NiRk;V8U18GQ-sn8;Version;2.0;Version;2.0
1035;23;RNIhWE1NiRk;oqtSV3axo7c;Version;2.0;Version;2.0
667;29;Roo3ZrpRJLM;Rt2i8Z4FgP4;Version;2.0;Version;2.0
2286;7;RriESjp6y8Y;aLok_PESqhs;Version;2.0;Version;2.0
96;37;S7PfDn0KhtI;BSJsP_EBhR4;Other;1.0;Other;1.0
96;37;S7PfDn0KhtI;vLCqzKOlZHs;Version;2.0;Version;2.0
1848;5;SHYGoXwgKtk;Ks7vvSI4-1U;Other;1.0;No Music;0.0
1848;13;SSvhWM9s5SE;SysniUVv2hc;No Music;0.0;No Music;0.0
624;29;SdqMB1GEQAM;4L2paZhdvFo;Version;2.0;Version;2.0
3558;19;ShVU-f-UInY;aTP8ZbSc5oo;Version;2.0;Version;2.0
369;44;SkOjrBwp3wA;4iLc--o-iGU;Version;2.0;Version;2.0
369;44;SkOjrBwp3wA;AnXgGw9CT6o;Version;2.0;Version;2.0
2215;0;SvlM67QT-4E;VK5p8LS0CJA;Other;1.0;Other;1.0
4504;9;T5Cp55MvX54;ES0FExlywHU;Version;2.0;Version;2.0
4504;9;T5Cp55MvX54;F1B-kdd5HqA;Version;2.0;Version;2.0
4504;9;T5Cp55MvX54;OlKGfcboMb4;Other;1.0;Other;1.0
1241;32;T5UJFV8b42s;wZf41UudAbI;Other;1.0;Other;1.0
1680;20;T9MHIUcP9ho;YAJdivBarp0;Version;2.0;Other;1.0
1680;20;T9MHIUcP9ho;oTLZlLC1DlQ;Version;2.0;Version;2.0
667;0;TLV4_xaYynY;VDFxYrJcr_w;Version;2.0;Version;2.0
667;4;TfK6UIvrbuo;YZ6XET8GjYA;Other;1.0;Version;2.0
624;14;Tr-ex1_FDsg;BXM-Ul_NJ6Q;Version;2.0;Version;2.0
624;14;Tr-ex1_FDsg;oStVH3RzGTc;Version;2.0;Version;2.0
1848;6;Tw4TXPjr1no;s3Wp_C0AHKk;Other;1.0;Match;3.0
3828;12;TwwmhcGbvt0;VcWd7OlA9vQ;Version;2.0;Version;2.0
629;8;U8CcMge_tN8;a79gdQACL08;Version;2.0;Version;2.0
3558;9;U9yslccmuzQ;JyhleufwOfw;Version;2.0;Version;2.0
1536;4;UKUEFBY8qH0;rjvTzFlHVRs;Other;1.0;Other;1.0
1536;4;UKUEFBY8qH0;tVpJz6I2_jM;Version;2.0;Version;2.0
1280;16;UPWM8pKEK08;7a9f0KWdlgI;Version;2.0;Version;2.0
694;1;UX25exUP5gA;c8XS0GXfl94;Other;1.0;Other;1.0
1205;29;UdFDs_aEoJw;CiTmsoyOaT8;Version;2.0;Other;1.0
1205;29;UdFDs_aEoJw;qJFpP-7N0TQ;Version;2.0;Version;2.0
1205;29;UdFDs_aEoJw;wq1vE6m2QZM;Other;1.0;Other;1.0
1280;5;UkGXUn0Kuuw;qxxgYUprYOE;Version;2.0;Version;2.0
3913;0;UrIiLvg58SY;Xm2CNd6l5A8;Version;2.0;Version;2.0
794;17;V-gGOgEGuHs;Vp-_fdy92Us;Version;2.0;Version;2.0
1332;5;V2vCr4rV9ik;_lzBThXLzX4;Version;2.0;Version;2.0
1241;29;V8yQFE1kgbU;xzEWiur8dF0;Other;1.0;Other;1.0
3828;18;VCTOpdlZJ8U;8pfDwifwgcg;Version;2.0;Version;2.0
4998;5;VP87KQOxOFc;bFXgVTGVFlo;Version;2.0;Version;2.0
369;64;VTTyAoQm4lc;SxHdBigroa8;Version;2.0;Version;2.0
369;64;VTTyAoQm4lc;uKkn8XldvsU;Version;2.0;Version;2.0
3100;1;W1PNvopXjbg;ol-0j4XH0DU;Version;2.0;Version;2.0
3100;1;W1PNvopXjbg;vPI_j9e87vs;Version;2.0;Version;2.0
3828;3;W2EJai-3k2w;i2zpbcW-h-c;Version;2.0;Version;2.0
3558;3;W5Tc-o9SWcU;Jp0x38Q14JA;Other;1.0;Other;1.0
794;6;WL6LEnbK6Fs;CsDcHmsWWzI;Version;2.0;Version;2.0
794;6;WL6LEnbK6Fs;I1Uj8IvF30s;Other;1.0;Other;1.0
3972;4;WN7mdpRUTsA;6P_EjZg25oc;Version;2.0;Version;2.0
3792;7;WimY82SpGhY;2mjcJcJ5VC4;Version;2.0;Version;2.0
624;30;XqLTe8h0-jo;Jne9t8sHpUc;Other;1.0;Other;1.0
624;30;XqLTe8h0-jo;f2xFaslC1Ek;Version;2.0;Version;2.0
2618;18;YTR50ai5ndE;fC7PSoNRoFE;Version;2.0;Version;2.0
2618;18;YTR50ai5ndE;iEvlyHDZNPs;Version;2.0;Version;2.0
3952;4;YsDPLL6KrmY;EjkD_7ncv1c;Version;2.0;Version;2.0
3952;4;YsDPLL6KrmY;_HwWjBxlIz8;Version;2.0;Version;2.0
4237;0;Ysxw7EON5xc;c93rKUcVzj8;Other;1.0;Other;1.0
724;29;ZO3aOWTm_m4;b4P9Wa96ePQ;Version;2.0;Version;2.0
3584;10;ZsyIl3uw4L4;qd7RLCws1qw;Version;2.0;Version;2.0
3584;10;ZsyIl3uw4L4;sk4ml7LjOUM;Version;2.0;Version;2.0
1280;11;_3GDxDygUw0;KcADqxnQA_4;Other;1.0;Other;1.0
2666;2;_KiU5P4ihIQ;jPr6nVCl6J0;Other;1.0;No Music;0.0
2666;2;_KiU5P4ihIQ;lrXIQQ8PeRs;Other;1.0;Other;1.0
2487;25;_ada2IB5Iz0;NIAkEJp8i_Y;Version;2.0;Version;2.0
1397;11;_eIx5qdJE_k;3uft1wtt4ao;Version;2.0;Version;2.0
3909;17;a6HtMqVRzQg;1lv7ypjfiE4;Version;2.0;Version;2.0
4931;3;aE2GCa-_nyU;0IfFldO4Scc;Version;2.0;Version;2.0
4931;3;aE2GCa-_nyU;mpfl6pb3T4Y;Other;1.0;Other;1.0
4931;3;aE2GCa-_nyU;nSZtvBg3_iU;Version;2.0;Version;2.0
667;1;aMSgtlUA2Zs;X7zQE2NpkZU;Version;2.0;Version;2.0
4806;0;aWPi8PLo33o;iXg8SSlIa9c;Version;2.0;Match;3.0
4806;0;aWPi8PLo33o;qsQqCg5VH3Q;No Music;0.0;No Music;0.0
4237;2;aq31to1DcAA;0Ux1Y7DeFpg;Version;2.0;Version;2.0
4237;2;aq31to1DcAA;6JJC5VOpGcE;Version;2.0;Version;2.0
4237;2;aq31to1DcAA;NeNCNZr5NVs;Version;2.0;Version;2.0
4237;2;aq31to1DcAA;eXBkFr_s3Bc;Other;1.0;Other;1.0
4237;2;aq31to1DcAA;tOKHJwD_5zk;Version;2.0;Version;2.0
3147;0;bKttENbsoyk;5vheNbQlsyU;Other;1.0;Other;1.0
3147;0;bKttENbsoyk;uYJWm2ko55Y;Version;2.0;Version;2.0
1944;21;bZpdXgsI6C0;3S4CqbcNqb0;Other;1.0;Version;2.0
1332;1;bsRNCvHXHHU;_4bgFCv2-RE;Version;2.0;Version;2.0
81;1;cagTBBJ-2pk;z4mNBMK5oK0;Version;2.0;Other;1.0
2195;7;ccEO4xZQpCo;UQ0e1vACQow;Version;2.0;Version;2.0
3558;18;dApr9iHh3yk;IzQiDCfCc7Q;Version;2.0;Version;2.0
2195;6;dHtwZ07N1ic;_TscfOa7dYU;Version;2.0;Version;2.0
1521;0;djV11Xbc914;eWxPqazE0q4;Version;2.0;Version;2.0
1074;20;ejhRjHJBqHI;-yGRoNN5e8U;Other;1.0;Other;1.0
1074;20;ejhRjHJBqHI;MOVsyZnriQQ;Version;2.0;Version;2.0
1397;0;ejjjne_Mua4;6aCQQ3JLDBs;Version;2.0;Version;2.0
1397;0;ejjjne_Mua4;VycdvOJlfWk;Other;1.0;Other;1.0
1397;0;ejjjne_Mua4;bx3D7a8jito;Other;1.0;Other;1.0
3913;10;etCWfF4Kl3A;ICjUTH4Xwk0;Match;3.0;Version;2.0
1009;0;fJ9rUzIMcZQ;WayVFRi_1xY;No Music;0.0;No Music;0.0
1009;0;fJ9rUzIMcZQ;ajMCwjLm2AA;Version;2.0;Version;2.0
2023;1;fMtGunlMBps;vqHzmF9A1m0;Version;2.0;Version;2.0
214;19;fWo4pkYi_38;bfCXa9pdHwE;Version;2.0;Match;3.0
1385;10;fm_Ij1yMTj0;u7vhbvYeIS4;Version;2.0;Version;2.0
1280;24;fwDXZJfX6ls;RAa519zvnjI;Version;2.0;Version;2.0
667;2;gBI6uM_rj_8;6SFNW5F8K9Y;Other;1.0;Other;1.0
667;2;gBI6uM_rj_8;JSMkKwDjLoI;Version;2.0;Version;2.0
667;2;gBI6uM_rj_8;nRK4G5ZZA_M;Version;2.0;Version;2.0
2629;10;gFzHv53UVXI;0EuYR5fFjeY;Version;2.0;Version;2.0
21;1;gORyrU1xQpg;Dh_DfxWSA-s;Other;1.0;Other;1.0
21;1;gORyrU1xQpg;L0z6_WuSGYg;Version;2.0;Version;2.0
21;1;gORyrU1xQpg;R7-XNVa5Gic;Other;1.0;Other;1.0
3792;9;gZoo8PSC4AM;lyxiras_5xs;No Music;0.0;No Music;0.0
724;38;gfsLB9Dnv1A;W3igStIUp8Y;Other;1.0;Other;1.0
2629;23;ginok11QPcs;lhPZbD2U42w;Version;2.0;Version;2.0
667;5;gt0Ep-dcqG8;6pZIq0Bw6gc;Version;2.0;Version;2.0
667;5;gt0Ep-dcqG8;Ez8w8fiL9Qg;Version;2.0;Version;2.0
1004;1;h2YkdnrM3aw;FkjbHz5HKAU;Other;1.0;Other;1.0
63;47;h3bk0rI53z0;rj2weeDdSvc;Other;1.0;Version;2.0
369;47;h7BzEdq7FQU;Dh2ROdhbrV8;Version;2.0;Version;2.0
369;47;h7BzEdq7FQU;QoMH2WBQkRI;Version;2.0;Version;2.0
2487;22;h7yRjD5yLv4;IoDZ613fEEw;Version;2.0;Version;2.0
3909;13;h8jNOoiRhMs;FNGm0li4BfI;Version;2.0;Version;2.0
3909;13;h8jNOoiRhMs;TSVHoHyErBQ;Other;1.0;Other;1.0
4148;24;h9oBbZFJ_jk;B2gFjumM9-o;Version;2.0;Version;2.0
2487;4;hF9Gr5waAJg;dZ3w56QGoLI;Version;2.0;Version;2.0
1035;0;hFE2SnliiV0;2CqLZbgsWyo;Other;1.0;Other;1.0
1035;0;hFE2SnliiV0;6A-5CVIhNzc;Other;1.0;Other;1.0
1035;0;hFE2SnliiV0;QygEjadVCEg;Match;3.0;Match;3.0
1035;0;hFE2SnliiV0;ZRGCeM1enhw;Other;1.0;Other;1.0
4931;4;hKDxvVom64c;u0undlwX0mo;Version;2.0;Version;2.0
81;36;hOKNau9pi24;SHcWp6LHJrs;Version;2.0;Version;2.0
1004;0;hTWKbfoikeg;GaOKPFNf1Pk;Version;2.0;Version;2.0
81;91;hdSuigNFZKI;Lg46A0UrDT4;Version;2.0;Version;2.0
1333;10;iEuVH_16vRg;QrWK5XWuGpk;Other;1.0;Other;1.0
1297;10;igQd_41xNCE;6hdFwaEmqyk;Version;2.0;Version;2.0
1297;10;igQd_41xNCE;ZDZ6V2Z0M2s;Other;1.0;Version;2.0
667;10;iqadp948R7c;-UHHc7POovg;Version;2.0;Version;2.0
667;10;iqadp948R7c;BBNGtkH4hZY;Version;2.0;Version;2.0
3913;8;iqb2zGGvEsI;HcqX8ty-B6M;Version;2.0;Version;2.0
3913;8;iqb2zGGvEsI;Oz3zB_qbZLw;Version;2.0;Version;2.0
3913;8;iqb2zGGvEsI;oXX6EqV9taY;Version;2.0;Version;2.0
1332;0;iykanbBN1LQ;XsP-H2PNNwU;Other;1.0;Other;1.0
2195;18;j7JF6tf7OSQ;QVAHCIq2bks;Version;2.0;Version;2.0
2195;18;j7JF6tf7OSQ;tOpJ1eb29PA;Version;2.0;Version;2.0
21;19;jFNgBqg841M;FETyClwhMVk;Other;1.0;Other;1.0
21;19;jFNgBqg841M;unZZ17vgYgo;Other;1.0;Other;1.0
487;8;jJLFKlQufFs;bniAlj1p3no;Other;1.0;Other;1.0
4931;14;jskyqPEIiG4;Yr2TRNaqfss;Version;2.0;Version;2.0
4931;14;jskyqPEIiG4;jTmof5fPiJE;Version;2.0;Version;2.0
4931;14;jskyqPEIiG4;o_VIosOEH-o;Other;1.0;Other;1.0
1210;20;kKTpwYuRXgI;Kwk-kPCXcSw;Other;1.0;Other;1.0
3972;8;kY7RhOjnPuU;1tGO1Y4FGpI;Other;1.0;Other;1.0
369;39;kiYqPSDA9BQ;s-i4fEMsjo4;Version;2.0;Version;2.0
3558;14;kieGY9dXDyM;dgQyU2uQB4g;Version;2.0;Version;2.0
1297;29;knxBue4jnUA;JFPZdaAIfP0;Version;2.0;Version;2.0
1848;0;l3LFML_pxlY;pey29CLID3I;Other;1.0;Other;1.0
624;39;lIpVInJdQkQ;sB4cF1-um7w;Version;2.0;Version;2.0
667;13;lJX-xDdOA_8;1THX_ettNYg;Other;1.0;Other;1.0
2195;25;lUjWJSnGVB0;BM7Jkwqzdts;Other;1.0;Other;1.0
724;20;lfa7NjQx5fk;7hi2kI2r0sk;Version;2.0;Version;2.0
667;20;mCW0QmIodvU;0ZzcQebFg3w;Version;2.0;Version;2.0
667;20;mCW0QmIodvU;WOh5_anlsJY;Version;2.0;Match;3.0
3828;19;maBDUEPla20;RIKizx7Xei8;Other;1.0;Other;1.0
629;12;mogsEYrHUvM;2K86n2EY40s;No Music;0.0;No Music;0.0
1521;6;mtJH2bMesfc;B1NZQwYkqs8;Version;2.0;Version;2.0
350;20;nL1l0Fz5RlE;RsgXW4RtLIg;Version;2.0;Version;2.0
350;20;nL1l0Fz5RlE;yOPz5x7yRYg;Version;2.0;Version;2.0
1035;11;ngJnaMIVXnY;LMK4Klyh958;Version;2.0;Version;2.0
1035;11;ngJnaMIVXnY;ryuCtW3RXoo;Version;2.0;Version;2.0
724;13;niTeb4SoE0A;Z-RUw5EvtG4;Other;1.0;Other;1.0
724;13;niTeb4SoE0A;iO8uDzCV8EQ;Other;1.0;Version;2.0
2858;8;o_iZj2JftrQ;AmkMEoVb6rA;Other;1.0;Other;1.0
2858;8;o_iZj2JftrQ;vkNiag3YgPs;Version;2.0;Version;2.0
2666;5;ogEHUwclTy0;FW-xxwVGJgs;Version;2.0;Version;2.0
2618;4;oipMgVLFJxI;0yW7w8F2TVA;Other;1.0;Other;1.0
81;12;okF_Q56JoMc;0mEAPqxED70;Version;2.0;Version;2.0
1241;35;on6jGEsPiiA;6cPh-pA90X4;Version;2.0;Version;2.0
1241;35;on6jGEsPiiA;VCyM7tjz2YA;Other;1.0;Other;1.0
1241;35;on6jGEsPiiA;luwAMFcc2f8;Other;1.0;Other;1.0
1241;35;on6jGEsPiiA;vqPIvA9ATO4;Other;1.0;Other;1.0
96;27;p9hRj4TzIfA;5eQxteB72hQ;Version;2.0;Version;2.0
1241;27;pPF116tcSUM;30WQefSF3Ks;Other;1.0;Other;1.0
3436;14;pWLhdP6KT3c;7Grc6pBAqX4;Other;1.0;Other;1.0
2917;18;po9_BSa3Rsk;krRwvqLGVOM;Other;1.0;Other;1.0
1280;6;q7ysx2yh_60;H4BT1cW-T68;No Music;0.0;No Music;0.0
2619;13;q_C20oV2s4o;AMACDIfwmBE;Version;2.0;Version;2.0
2619;13;q_C20oV2s4o;zFTO924-d9I;Version;2.0;Version;2.0
3828;0;qrO4YZeyl0I;Fw0mGvgoN-8;Version;2.0;Version;2.0
1205;28;qrrJTlmpfso;wrLlGEaifuQ;Version;2.0;Version;2.0
2286;17;r0e8Uve7cJU;U9G7cIlkmxk;Version;2.0;Version;2.0
794;36;rGTtqw8r_vQ;7ztjy3kIcMY;Other;1.0;Other;1.0
2195;0;rYEDA3JcQqw;CDFk4LxwvTY;Version;2.0;Version;2.0
487;1;rdVA8YYpSMw;n6a7GR69Q6k;Version;2.0;Version;2.0
1009;32;rjYYACg8p3s;entDLI7FQlI;Version;2.0;Version;2.0
4844;0;roqqACI1ABY;pWs5OfSdMxM;Other;1.0;Other;1.0
4844;0;roqqACI1ABY;uLRiGX3L-kw;Other;1.0;Other;1.0
1009;40;rptV6K7nqu0;gHKcUAMU2Lg;Version;2.0;Version;2.0
1009;40;rptV6K7nqu0;o9EKpGPBrJs;Other;1.0;Version;2.0
2195;29;s4vx41qe_0Q;kAtHlHn6RCc;Version;2.0;Version;2.0
2195;29;s4vx41qe_0Q;m73cCVL0jZk;Version;2.0;Version;2.0
1280;38;sGT5kHpmH78;6TGfCYWFr2g;No Music;0.0;No Music;0.0
2629;0;sOnqjkJTMaA;04CWcQXmHWg;Other;1.0;Other;1.0
2629;0;sOnqjkJTMaA;qCLO6ukO-Ow;Version;2.0;Version;2.0
21;82;sRdJQRIEslQ;lH5x1ChYhcI;Version;2.0;Version;2.0
2273;14;sXyvTocch0I;kXHmPuqqSZ8;Other;1.0;Other;1.0
794;34;sjNjv15pweQ;OFyBkhLWjC4;Version;2.0;Version;2.0
794;34;sjNjv15pweQ;__4M_6ZSlnI;Other;1.0;Other;1.0
794;34;sjNjv15pweQ;w5FhfZvya3A;Version;2.0;Version;2.0
81;15;svVeCQeCG98;Y27AvFMcwIY;Other;1.0;Version;2.0
3005;13;t5K32taFIMg;NyN4UBrYeFY;Other;1.0;No Music;0.0
4148;1;t9ilBHkH9Io;EAHQc_lI3rc;Version;2.0;Version;2.0
1280;10;tOcJBHLIPpQ;-JDo_xGED0M;Other;1.0;Other;1.0
157;76;tOkYMw5-ZMg;TC-7q5cHu1Y;Version;2.0;Version;2.0
2858;0;tydGDofzu6w;YX3U5Ny1VAk;Version;2.0;Other;1.0
58;4;uZx2t-Od_1g;oaSIx881oqM;Version;2.0;Version;2.0
484;16;ub8rPHBXd20;D3u75TGt5zw;Version;2.0;Version;2.0
484;16;ub8rPHBXd20;_XIZRnqDQWI;Version;2.0;Version;2.0
4504;5;ucj7PI3jFz4;NsshigCI1t0;Version;2.0;Version;2.0
4931;8;ui29buXl83g;OS6zVznoaJs;Version;2.0;Version;2.0
3016;18;v3Gjc4ZBIRg;BnyMH-2HtRQ;Other;1.0;Other;1.0
3005;0;vGD8aQ2GKr0;jdU8sQGFBv8;Version;2.0;Version;2.0
1009;12;vI_dKmVya-Y;3TVHLrl9-2k;Version;2.0;Version;2.0
1035;1;vWfNvJ6TTjs;MkjeWF8wTxU;Other;1.0;Other;1.0
214;7;vf1nIxrTodg;A9hcJgtnm6Q;Other;1.0;Other;1.0
1332;7;viCwfegDamw;Keqwa4vOv78;Version;2.0;Version;2.0
1332;7;viCwfegDamw;upaRrBit5JI;Version;2.0;Version;2.0
3792;2;w4oZXfrf18Y;-GHPlGJSwAE;Version;2.0;Version;2.0
3792;2;w4oZXfrf18Y;eJ0zF7BPYNQ;Version;2.0;Version;2.0
2023;14;wOG5EBGOktw;QAxD7lURq_c;Other;1.0;Other;1.0
2023;14;wOG5EBGOktw;hSH9eG-DLiY;Version;2.0;Version;2.0
2023;14;wOG5EBGOktw;tfTuZJTt9g0;Other;1.0;Other;1.0
157;65;wPzxlhTv_-s;9m4QjDHgqzo;Version;2.0;Version;2.0
526;30;x0CdEWLPV84;cWUwfIJfxmM;Version;2.0;Match;3.0
4951;0;x6QZn9xiuOE;yhMhBpk_g1M;Version;2.0;Version;2.0
157;85;xEftAMMrlrk;5cCBaZi-E-s;No Music;0.0;No Music;0.0
1211;16;xFDIrwOUdrw;-5VlAsVg4tA;Version;2.0;Version;2.0
922;0;xFrGuyw1V8s;I8EB-VQvWEQ;Match;3.0;Version;2.0
922;0;xFrGuyw1V8s;cVaIPF7xnQg;Other;1.0;Other;1.0
694;2;xJQ1-7FBTkg;GJI3aOIwwKk;No Music;0.0;No Music;0.0
694;2;xJQ1-7FBTkg;z_hs4HWbOBs;No Music;0.0;No Music;0.0
4806;4;xMORbXArOc4;Yj0mfl23WT0;No Music;0.0;No Music;0.0
4806;4;xMORbXArOc4;aLv5oIqKfBg;Other;1.0;Other;1.0
1210;8;xNOZMufoYJ4;voIcS6ozbnU;Version;2.0;Version;2.0
794;5;x_znM908eA8;jo34VhfcetU;Other;1.0;Other;1.0
1521;25;xarSysw9xJs;MfcTfw-yXvw;Version;2.0;Version;2.0
1521;25;xarSysw9xJs;PVjiKRfKpPI;Other;1.0;Other;1.0
1521;25;xarSysw9xJs;Zc_Uehb4msM;Version;2.0;Match;3.0
4237;1;xzhNRwsebfE;nVmEXG_B6Dk;Version;2.0;Version;2.0
4237;1;xzhNRwsebfE;z6xyrv-rpfk;Version;2.0;Version;2.0
1035;8;xzvDhkBnC_8;gecLqqWyjUs;Version;2.0;Version;2.0
1035;8;xzvDhkBnC_8;vwYljFPvugU;Other;1.0;Other;1.0
1035;8;xzvDhkBnC_8;zWXnu7bHspg;Other;1.0;Other;1.0
3218;0;y8-m-W7mgjk;L1qB_9JZSL4;Version;2.0;Version;2.0
5159;6;ycrhIpd4ZWU;8ESzZrrys18;Match;3.0;Match;3.0
2195;13;zMBUYvwgQmo;047w5bQjam8;Other;1.0;Other;1.0
2195;13;zMBUYvwgQmo;yXyFhgaSrjE;Version;2.0;Version;2.0
1211;0;zUwEIt9ez7M;CZ6q9_UuevI;Version;2.0;Version;2.0
1536;8;zcUx3I0k_Fw;Ljg-w83TUY0;Other;1.0;Version;2.0
